strategy,group,name,trades,avg_profit_pct,tot_profit_usdt,tot_profit_pct,sharpe,profit_factor,max_drawdown_pct,win_rate,avg_duration,cagr,sortino,params
Exp_ADX_20,param_scan,"ADX=20",1772,0.14,2543.25,254.33,0.67,1.12,46.17,31.0,0,22.48,2.49,"{""adx_min"":20}"
Exp_ADX_22,param_scan,"ADX=22",1616,0.18,2835.451,283.55,0.69,1.14,43.17,31.3,0,24.05,2.56,"{""adx_min"":22}"
Exp_ADX_24,param_scan,"ADX=24",1463,0.24,3488.636,348.86,0.80,1.18,38.02,32.1,0,27.21,2.83,"{""adx_min"":24}"
Exp_ADX_26,param_scan,"ADX=26",1313,0.28,3701.087,370.11,0.74,1.19,25.71,32.8,0,28.16,2.55,"{""adx_min"":26}"
Exp_ADX_30,param_scan,"ADX=30",1072,0.37,3929.941,392.99,0.76,1.25,11.96,33.5,0,29.14,2.85,"{""adx_min"":30}"
Exp_ADX_32,param_scan,"ADX=32",944,0.34,3220.462,322.05,0.63,1.23,19.11,33.3,0,25.96,2.45,"{""adx_min"":32}"
Exp_ADX_36,param_scan,"ADX=36",733,0.34,2499.451,249.95,0.54,1.26,15.82,33.2,0,22.24,2.28,"{""adx_min"":36}"
Exp_DC_10,param_scan,"DC=10",1227,0.33,4009.437,400.94,0.80,1.23,17.73,33.0,0,29.47,2.76,"{""dc_period"":10}"
Exp_DC_14,param_scan,"DC=14",1202,0.36,4305.331,430.53,0.81,1.24,17.09,33.4,0,30.67,2.75,"{""dc_period"":14}"
Exp_DC_16,param_scan,"DC=16",1188,0.38,4550.13,455.01,0.82,1.24,16.26,33.5,0,31.62,2.73,"{""dc_period"":16}"
Exp_DC_18,param_scan,"DC=18",1185,0.36,4264.354,426.44,0.79,1.23,16.23,33.4,0,30.51,2.70,"{""dc_period"":18}"
Exp_DC_25,param_scan,"DC=25",1172,0.37,4349.493,434.95,0.78,1.23,16.30,33.5,0,30.84,2.68,"{""dc_period"":25}"
Exp_DC_30,param_scan,"DC=30",1170,0.37,4312.306,431.23,0.79,1.24,16.28,33.6,0,30.70,2.70,"{""dc_period"":30}"
Exp_DC_40,param_scan,"DC=40",1159,0.41,4771.77,477.18,0.81,1.25,16.27,33.7,0,32.45,2.75,"{""dc_period"":40}"
Exp_ATR_00,param_scan,"ATR_MULT=0.0",1564,0.17,2583.304,258.33,0.62,1.13,41.92,31.3,0,22.70,2.36,"{""atr_mult"":0.0}"
Exp_ATR_02,param_scan,"ATR_MULT=0.2",1448,0.18,2650.137,265.01,0.60,1.13,40.00,31.8,0,23.07,2.20,"{""atr_mult"":0.2}"
Exp_ATR_03,param_scan,"ATR_MULT=0.3",1373,0.2,2690.56,269.06,0.64,1.15,34.22,31.8,0,23.28,2.46,"{""atr_mult"":0.3}"
Exp_ATR_04,param_scan,"ATR_MULT=0.4",1275,0.26,3256.714,325.67,0.64,1.17,18.25,32.4,0,26.14,2.33,"{""atr_mult"":0.4}"
Exp_ATR_06,param_scan,"ATR_MULT=0.6",1079,0.4,4289.62,428.96,0.78,1.26,15.48,33.6,0,30.61,2.71,"{""atr_mult"":0.6}"
Exp_ATR_07,param_scan,"ATR_MULT=0.7",999,0.29,2943.391,294.34,0.63,1.21,26.07,33.2,0,24.60,2.47,"{""atr_mult"":0.7}"
Exp_ATR_08,param_scan,"ATR_MULT=0.8",904,0.25,2301.703,230.17,0.55,1.21,29.95,33.1,0,21.10,2.19,"{""atr_mult"":0.8}"
Exp_ATR_10,param_scan,"ATR_MULT=1.0",741,0.25,1839.506,183.95,0.43,1.20,22.49,32.8,0,18.21,1.76,"{""atr_mult"":1.0}"
Exp_ATR_12,param_scan,"ATR_MULT=1.2",590,0.33,1958.661,195.87,0.45,1.28,21.01,34.2,0,18.99,1.89,"{""atr_mult"":1.2}"
Exp_ATR_15,param_scan,"ATR_MULT=1.5",404,0.59,2367.245,236.72,0.51,1.49,17.58,38.4,0,21.48,1.95,"{""atr_mult"":1.5}"
Exp_Trail_015,param_scan,"TRAIL_OFF=0.15",1309,0.02,254.459,25.45,0.14,1.03,32.64,42.2,0,3.70,0.54,"{""trail_offset"":0.15}"
Exp_Trail_02,param_scan,"TRAIL_OFF=0.2",1244,0.1,1230.041,123.00,0.46,1.11,19.92,37.4,0,13.72,1.80,"{""trail_offset"":0.2}"
Exp_Trail_025,param_scan,"TRAIL_OFF=0.25",1206,0.22,2665.485,266.55,0.67,1.18,16.17,34.8,0,23.15,2.37,"{""trail_offset"":0.25}"
Exp_Trail_035,param_scan,"TRAIL_OFF=0.35",1142,0.54,6193.115,619.31,0.85,1.28,18.09,32.7,0,37.20,2.87,"{""trail_offset"":0.35}"
Exp_Trail_04,param_scan,"TRAIL_OFF=0.4",1126,0.61,6914.204,691.42,0.84,1.29,17.90,31.6,0,39.32,2.83,"{""trail_offset"":0.4}"
Exp_Trail_045,param_scan,"TRAIL_OFF=0.45",1110,0.69,7673.914,767.39,0.85,1.30,17.90,31.0,0,41.38,2.92,"{""trail_offset"":0.45}"
Exp_Trail_05,param_scan,"TRAIL_OFF=0.5",1101,0.87,9571.323,957.13,0.88,1.33,17.88,31.2,0,45.94,2.92,"{""trail_offset"":0.5}"
Exp_TrailPos_003,param_scan,"TRAIL_POS=0.03",1211,1.02,12369.781,1236.98,1.00,1.33,17.36,33.0,0,51.54,2.91,"{""trail_positive"":0.03}"
Exp_TrailPos_005,param_scan,"TRAIL_POS=0.05",1211,0.6,7308.064,730.81,0.89,1.27,17.53,32.9,0,40.41,2.80,"{""trail_positive"":0.05}"
Exp_TrailPos_008,param_scan,"TRAIL_POS=0.08",1195,0.41,4904.507,490.45,0.83,1.25,15.93,33.2,0,32.93,2.78,"{""trail_positive"":0.08}"
Exp_TrailPos_012,param_scan,"TRAIL_POS=0.12",1167,0.3,3532.517,353.25,0.75,1.22,16.27,33.6,0,27.41,2.68,"{""trail_positive"":0.12}"
Exp_TrailPos_015,param_scan,"TRAIL_POS=0.15",1144,0.34,3918.725,391.87,0.73,1.22,16.45,33.8,0,29.09,2.78,"{""trail_positive"":0.15}"
Exp_SL_006,param_scan,"SL=-0.06",1205,0.05,623.752,62.38,0.28,1.08,31.13,24.5,0,8.08,2.72,"{""stoploss"":-0.06}"
Exp_SL_008,param_scan,"SL=-0.08",1189,0.17,2009.068,200.91,0.56,1.16,34.30,29.7,0,19.31,3.04,"{""stoploss"":-0.08}"
Exp_SL_012,param_scan,"SL=-0.12",1175,0.29,3394.832,339.48,0.66,1.19,19.51,35.0,0,26.78,2.03,"{""stoploss"":-0.12}"
Exp_SL_015,param_scan,"SL=-0.15",1160,0.35,4029.38,402.94,0.69,1.20,14.82,37.2,0,29.55,1.77,"{""stoploss"":-0.15}"
Exp_SL_02,param_scan,"SL=-0.2",1163,0.31,3573.534,357.35,0.59,1.17,26.32,38.6,0,27.60,1.29,"{""stoploss"":-0.2}"
Exp_CD_0,param_scan,"COOLDOWN=0",1226,0.28,3482.881,348.29,0.72,1.20,17.20,32.9,0,27.19,2.60,"{""cooldown_bars"":0}"
Exp_CD_8,param_scan,"COOLDOWN=8",1213,0.28,3353.607,335.36,0.69,1.19,17.10,32.8,0,26.59,2.55,"{""cooldown_bars"":8}"
Exp_CD_12,param_scan,"COOLDOWN=12",1209,0.26,3133.816,313.38,0.68,1.19,16.23,32.8,0,25.55,2.56,"{""cooldown_bars"":12}"
Exp_CD_16,param_scan,"COOLDOWN=16",1195,0.31,3756.246,375.62,0.73,1.21,16.35,33.1,0,28.40,2.65,"{""cooldown_bars"":16}"
Exp_CD_36,param_scan,"COOLDOWN=36",1155,0.36,4209.66,420.97,0.78,1.24,16.26,33.4,0,30.29,2.69,"{""cooldown_bars"":36}"
Exp_CD_48,param_scan,"COOLDOWN=48",1139,0.38,4369.204,436.92,0.77,1.24,16.29,33.5,0,30.92,2.68,"{""cooldown_bars"":48}"
Exp_MB_32,param_scan,"MAX_BARS=32",1253,0.12,1519.427,151.94,0.48,1.13,18.18,33.4,0,15.97,1.74,"{""max_bars"":32}"
Exp_MB_48,param_scan,"MAX_BARS=48",1201,0.38,4616.319,461.63,0.79,1.23,17.74,33.6,0,31.87,2.49,"{""max_bars"":48}"
Exp_MB_80,param_scan,"MAX_BARS=80",1163,0.27,3174.104,317.41,0.66,1.19,16.40,32.4,0,25.74,2.56,"{""max_bars"":80}"
Exp_MB_96,param_scan,"MAX_BARS=96",1150,0.28,3215.9,321.59,0.67,1.19,16.45,31.7,0,25.94,2.73,"{""max_bars"":96}"
Exp_MB_128,param_scan,"MAX_BARS=128",1130,0.27,3103.02,310.30,0.67,1.20,17.02,30.7,0,25.39,2.83,"{""max_bars"":128}"
Exp_TP_025,param_scan,"TP_BIG=0.25",1202,0.46,5500.545,550.05,0.84,1.25,17.81,33.8,0,34.99,2.72,"{""tp_big"":0.25}"
Exp_TP_03,param_scan,"TP_BIG=0.3",1191,0.42,5037.269,503.73,0.82,1.24,16.31,33.3,0,33.40,2.74,"{""tp_big"":0.3}"
Exp_TP_035,param_scan,"TP_BIG=0.35",1183,0.4,4729.275,472.93,0.81,1.24,16.30,33.4,0,32.29,2.76,"{""tp_big"":0.35}"
Exp_TP_05,param_scan,"TP_BIG=0.5",1178,0.35,4080.496,408.05,0.76,1.23,16.21,33.4,0,29.76,2.68,"{""tp_big"":0.5}"
Exp_TP_06,param_scan,"TP_BIG=0.6",1178,0.34,4042.361,404.24,0.76,1.22,16.23,33.4,0,29.61,2.66,"{""tp_big"":0.6}"
Exp_TP_08,param_scan,"TP_BIG=0.8",1178,0.34,4042.361,404.24,0.76,1.22,16.23,33.4,0,29.61,2.66,"{""tp_big"":0.8}"
Exp_Lev_2,param_scan,"LEV=2.0",987,0.23,2292.524,229.25,0.83,1.32,10.00,40.7,0,21.05,2.31,"{""leverage"":2.0}"
Exp_Lev_3,param_scan,"LEV=3.0",1038,0.44,4523.52,452.35,0.86,1.31,15.30,37.4,0,31.52,2.50,"{""leverage"":3.0}"
Exp_Lev_4,param_scan,"LEV=4.0",1115,0.24,2730.85,273.09,0.64,1.20,17.71,34.6,0,23.50,2.25,"{""leverage"":4.0}"
Exp_Lev_6,param_scan,"LEV=6.0",1240,0.16,1994.157,199.42,0.50,1.13,37.03,31.1,0,19.22,2.29,"{""leverage"":6.0}"
Exp_Lev_7,param_scan,"LEV=7.0",1283,0.07,855.803,85.58,0.27,1.06,47.35,29.8,0,10.42,1.45,"{""leverage"":7.0}"
Exp_Lev_8,param_scan,"LEV=8.0",1319,0.01,94.589,9.46,0.04,1.01,55.48,28.2,0,1.46,0.20,"{""leverage"":8.0}"
Exp_Lev_10,param_scan,"LEV=10.0",1404,-0.04,-584.155,-58.42,-0.28,0.94,80.84,26.6,0,-13.12,-1.08,"{""leverage"":10.0}"
Exp_2D_ADX24_ATR03,param_scan,"ADX=24_ATR=0.3",1677,0.16,2704.019,270.40,0.73,1.14,38.71,31.5,0,23.36,2.70,"{""adx_min"":24,""atr_mult"":0.3}"
Exp_2D_ADX24_ATR07,param_scan,"ADX=24_ATR=0.7",1232,0.33,4034.463,403.45,0.78,1.22,31.68,33.1,0,29.58,2.83,"{""adx_min"":24,""atr_mult"":0.7}"
Exp_2D_ADX26_ATR03,param_scan,"ADX=26_ATR=0.3",1524,0.15,2266.44,226.64,0.59,1.12,40.18,31.4,0,20.89,2.30,"{""adx_min"":26,""atr_mult"":0.3}"
Exp_2D_ADX26_ATR05,param_scan,"ADX=26_ATR=0.5",1313,0.28,3701.087,370.11,0.74,1.19,25.71,32.8,0,28.16,2.55,"{""adx_min"":26,""atr_mult"":0.5}"
Exp_2D_ADX30_ATR03,param_scan,"ADX=30_ATR=0.3",1235,0.21,2586.055,258.61,0.61,1.16,29.88,31.8,0,22.72,2.52,"{""adx_min"":30,""atr_mult"":0.3}"
Exp_2D_ADX30_ATR07,param_scan,"ADX=30_ATR=0.7",900,0.35,3148.06,314.81,0.66,1.25,18.37,33.7,0,25.61,2.60,"{""adx_min"":30,""atr_mult"":0.7}"
Exp_2D_ADX32_ATR05,param_scan,"ADX=32_ATR=0.5",944,0.34,3220.462,322.05,0.63,1.23,19.11,33.3,0,25.96,2.45,"{""adx_min"":32,""atr_mult"":0.5}"
Exp_2D_Trail025_SL008,param_scan,"TRAIL=0.25_SL=-0.08",1213,0.12,1438.875,143.89,0.49,1.13,34.71,31.2,0,15.36,2.66,"{""trail_offset"":0.25,""stoploss"":-0.08}"
Exp_2D_Trail025_SL012,param_scan,"TRAIL=0.25_SL=-0.12",1201,0.16,1928.826,192.88,0.52,1.14,19.35,36.6,0,18.80,1.66,"{""trail_offset"":0.25,""stoploss"":-0.12}"
Exp_2D_Trail035_SL008,param_scan,"TRAIL=0.35_SL=-0.08",1158,0.29,3372.978,337.30,0.72,1.23,32.22,29.3,0,26.68,3.57,"{""trail_offset"":0.35,""stoploss"":-0.08}"
Exp_2D_Trail035_SL012,param_scan,"TRAIL=0.35_SL=-0.12",1137,0.54,6149.765,614.98,0.79,1.25,21.25,34.7,0,37.07,2.30,"{""trail_offset"":0.35,""stoploss"":-0.12}"
Exp_2D_Trail04_SL008,param_scan,"TRAIL=0.4_SL=-0.08",1142,0.33,3795.694,379.57,0.74,1.24,14.62,28.3,0,28.57,3.58,"{""trail_offset"":0.4,""stoploss"":-0.08}"
Exp_BB_20_20_RSI30_SL01,bollinger_band,"BB(p=20,std=2.0) RSI<30 SL=-0.1",16,-0.41,-65.98,-6.60,-0.06,0.36,9.12,31.2,0,-1.09,-0.23,"{""bb_period"":20,""bb_std"":2.0,""rsi_oversold"":30,""stoploss"":-0.1}"
Exp_BB_20_20_RSI25_SL01,bollinger_band,"BB(p=20,std=2.0) RSI<25 SL=-0.1",54,0.04,20.783,2.08,0.02,1.11,10.68,57.4,0,0.33,0.04,"{""bb_period"":20,""bb_std"":2.0,""rsi_oversold"":25,""stoploss"":-0.1}"
Exp_BB_20_25_RSI30_SL01,bollinger_band,"BB(p=20,std=2.5) RSI<30 SL=-0.1",244,-0.03,-61.31,-6.13,-0.07,0.92,16.76,56.6,0,-1.01,-0.12,"{""bb_period"":20,""bb_std"":2.5,""rsi_oversold"":30,""stoploss"":-0.1}"
Exp_BB_20_20_RSI35_SL008,bollinger_band,"BB(p=20,std=2.0) RSI<35 SL=-0.08",1407,-0.01,-114.524,-11.45,-0.14,0.97,25.50,58.6,0,-1.93,-0.34,"{""bb_period"":20,""bb_std"":2.0,""rsi_oversold"":35,""stoploss"":-0.08}"
Exp_BB_30_20_RSI30_SL01,bollinger_band,"BB(p=30,std=2.0) RSI<30 SL=-0.1",373,0.04,146.726,14.67,0.13,1.10,14.75,61.4,0,2.22,0.28,"{""bb_period"":30,""bb_std"":2.0,""rsi_oversold"":30,""stoploss"":-0.1}"
Exp_BB_20_15_RSI35_SL01,bollinger_band,"BB(p=20,std=1.5) RSI<35 SL=-0.1",1558,0,-44.288,-4.43,-0.05,0.99,24.79,61.8,0,-0.72,-0.09,"{""bb_period"":20,""bb_std"":1.5,""rsi_oversold"":35,""stoploss"":-0.1}"
Exp_BB_20_20_RSI30_SL01,bollinger_band,"BB(p=20,std=2.0) RSI<30 SL=-0.1",16,-0.41,-65.98,-6.60,-0.06,0.36,9.12,31.2,0,-1.09,-0.23,"{""bb_period"":20,""bb_std"":2.0,""rsi_oversold"":30,""stoploss"":-0.1}"
Exp_BB_20_20_RSI30_SL006,bollinger_band,"BB(p=20,std=2.0) RSI<30 SL=-0.06",375,-0.03,-117.15,-11.71,-0.15,0.89,21.18,49.3,0,-1.98,-0.58,"{""bb_period"":20,""bb_std"":2.0,""rsi_oversold"":30,""stoploss"":-0.06}"
Exp_BB_40_20_RSI25_SL01,bollinger_band,"BB(p=40,std=2.0) RSI<25 SL=-0.1",55,0.17,92.252,9.23,0.08,1.44,8.27,63.6,0,1.42,0.30,"{""bb_period"":40,""bb_std"":2.0,""rsi_oversold"":25,""stoploss"":-0.1}"
Exp_MACD_8_21_5,macd,"MACD(8,21,5)",3461,-0.02,-559.869,-55.99,-0.81,0.91,64.23,27.7,0,-12.33,-2.00,"{""fast"":8,""slow"":21,""signal"":5}"
Exp_MACD_12_26_9,macd,"MACD(12,26,9)",1877,-0.02,-294.479,-29.45,-0.34,0.93,43.19,29.5,0,-5.44,-0.90,"{""fast"":12,""slow"":26,""signal"":9}"
Exp_MACD_8_17_9,macd,"MACD(8,17,9)",2613,-0.02,-416.914,-41.69,-0.56,0.92,52.43,30.0,0,-8.28,-1.37,"{""fast"":8,""slow"":17,""signal"":9}"
Exp_MACD_5_13_5,macd,"MACD(5,13,5)",4649,-0.02,-730.092,-73.01,-1.48,0.87,81.10,28.4,0,-18.94,-3.06,"{""fast"":5,""slow"":13,""signal"":5}"
Exp_MACD_12_26_5,macd,"MACD(12,26,5)",2670,-0.02,-592.343,-59.23,-0.96,0.87,67.58,27.8,0,-13.40,-2.25,"{""fast"":12,""slow"":26,""signal"":5}"
Exp_MACD_8_26_9,macd,"MACD(8,26,9)",2339,-0.02,-408.655,-40.87,-0.53,0.92,54.37,29.3,0,-8.08,-1.30,"{""fast"":8,""slow"":26,""signal"":9}"
Exp_KC_20_15,keltner,"Keltner(20, 1.5x ATR)",3040,-0.02,-631.324,-63.13,-0.75,0.91,74.26,29.8,0,-14.78,-1.86,"{""kc_period"":20,""kc_mult"":1.5}"
Exp_KC_20_20,keltner,"Keltner(20, 2.0x ATR)",2541,-0.02,-553.596,-55.36,-0.52,0.93,70.20,32.2,0,-12.13,-1.34,"{""kc_period"":20,""kc_mult"":2.0}"
Exp_KC_20_25,keltner,"Keltner(20, 2.5x ATR)",1979,0.01,104.329,10.43,0.06,1.01,36.52,34.8,0,1.60,0.18,"{""kc_period"":20,""kc_mult"":2.5}"
Exp_KC_14_15,keltner,"Keltner(14, 1.5x ATR)",3034,-0.02,-482.157,-48.22,-0.43,0.95,63.42,30.5,0,-10.01,-1.17,"{""kc_period"":14,""kc_mult"":1.5}"
Exp_KC_14_20,keltner,"Keltner(14, 2.0x ATR)",2176,-0.01,-265.154,-26.52,-0.20,0.97,48.42,32.6,0,-4.82,-0.58,"{""kc_period"":14,""kc_mult"":2.0}"
Exp_KC_30_20,keltner,"Keltner(30, 2.0x ATR)",2570,0,-95.851,-9.59,-0.07,0.99,54.45,32.7,0,-1.60,-0.22,"{""kc_period"":30,""kc_mult"":2.0}"
Exp_KC_20_30,keltner,"Keltner(20, 3.0x ATR)",1461,0.02,248.078,24.81,0.13,1.03,39.11,35.6,0,3.62,0.43,"{""kc_period"":20,""kc_mult"":3.0}"
Exp_EMA_8_21,ema_cross,"EMA Cross(8/21)",776,-0.07,-508.204,-50.82,-0.56,0.77,53.50,24.7,0,-10.75,-1.50,"{""ema_fast"":8,""ema_slow"":21}"
Exp_EMA_10_30,ema_cross,"EMA Cross(10/30)",574,-0.06,-348.446,-34.84,-0.33,0.83,39.75,29.3,0,-6.64,-0.94,"{""ema_fast"":10,""ema_slow"":30}"
Exp_EMA_13_34,ema_cross,"EMA Cross(13/34)",510,-0.05,-277.467,-27.75,-0.24,0.86,32.65,30.0,0,-5.08,-0.79,"{""ema_fast"":13,""ema_slow"":34}"
Exp_EMA_21_55,ema_cross,"EMA Cross(21/55)",504,0,2.772,0.28,0.00,1.00,29.70,30.8,0,0.04,0.01,"{""ema_fast"":21,""ema_slow"":55}"
Exp_EMA_5_13,ema_cross,"EMA Cross(5/13)",1568,-0.02,-254.398,-25.44,-0.26,0.94,44.99,25.8,0,-4.60,-0.71,"{""ema_fast"":5,""ema_slow"":13}"
Exp_EMA_8_34,ema_cross,"EMA Cross(8/34)",603,-0.06,-379.326,-37.93,-0.37,0.81,43.08,27.2,0,-7.36,-1.06,"{""ema_fast"":8,""ema_slow"":34}"
Exp_EMA_13_55,ema_cross,"EMA Cross(13/55)",480,-0.05,-225.13,-22.51,-0.17,0.89,29.98,29.0,0,-4.01,-0.61,"{""ema_fast"":13,""ema_slow"":55}"
Exp_RSI_14_30_70,rsi_trend,"RSI(14) Entry<30 Exit>70",0,0,0,0,0,0,0,0,0,0,0,"{""rsi_period"":14,""rsi_entry"":30,""rsi_exit"":70}"
Exp_RSI_14_25_75,rsi_trend,"RSI(14) Entry<25 Exit>75",0,0,0,0,0,0,0,0,0,0,0,"{""rsi_period"":14,""rsi_entry"":25,""rsi_exit"":75}"
Exp_RSI_14_35_65,rsi_trend,"RSI(14) Entry<35 Exit>65",2,0.46,9.069,0.91,0.02,18.17,0.05,50.0,0,0.14,-100.00,"{""rsi_period"":14,""rsi_entry"":35,""rsi_exit"":65}"
Exp_RSI_21_30_70,rsi_trend,"RSI(21) Entry<30 Exit>70",0,0,0,0,0,0,0,0,0,0,0,"{""rsi_period"":21,""rsi_entry"":30,""rsi_exit"":70}"
Exp_RSI_7_25_75,rsi_trend,"RSI(7) Entry<25 Exit>75",17,0.1,16.896,1.69,0.01,1.25,2.94,41.2,0,0.27,0.05,"{""rsi_period"":7,""rsi_entry"":25,""rsi_exit"":75}"
Exp_RSI_14_30_60,rsi_trend,"RSI(14) Entry<30 Exit>60",0,0,0,0,0,0,0,0,0,0,0,"{""rsi_period"":14,""rsi_entry"":30,""rsi_exit"":60}"
Exp_3D_A24_T03_O02,grid_3d,"ADX=24 ATR=0.3 Trail=0.2",1791,0.05,966.86,96.69,0.41,1.07,39.62,36.2,0,11.45,1.64,"{""adx_min"":24,""atr_mult"":0.3,""trail_offset"":0.2}"
Exp_3D_A24_T03_O025,grid_3d,"ADX=24 ATR=0.3 Trail=0.25",1732,0.1,1730.076,173.01,0.55,1.10,40.71,33.2,0,17.47,2.14,"{""adx_min"":24,""atr_mult"":0.3,""trail_offset"":0.25}"
Exp_3D_A24_T03_O03,grid_3d,"ADX=24 ATR=0.3 Trail=0.3",1677,0.16,2704.019,270.40,0.73,1.14,38.71,31.5,0,23.36,2.70,"{""adx_min"":24,""atr_mult"":0.3,""trail_offset"":0.3}"
Exp_3D_A24_T05_O02,grid_3d,"ADX=24 ATR=0.5 Trail=0.2",1558,0.06,970.327,97.03,0.42,1.08,39.69,36.5,0,11.48,1.67,"{""adx_min"":24,""atr_mult"":0.5,""trail_offset"":0.2}"
Exp_3D_A24_T05_O025,grid_3d,"ADX=24 ATR=0.5 Trail=0.25",1513,0.15,2294.329,229.43,0.67,1.14,33.70,33.8,0,21.06,2.39,"{""adx_min"":24,""atr_mult"":0.5,""trail_offset"":0.25}"
Exp_3D_A24_T05_O03,grid_3d,"ADX=24 ATR=0.5 Trail=0.3",1463,0.24,3488.636,348.86,0.80,1.18,38.02,32.1,0,27.21,2.83,"{""adx_min"":24,""atr_mult"":0.5,""trail_offset"":0.3}"
Exp_3D_A24_T07_O02,grid_3d,"ADX=24 ATR=0.7 Trail=0.2",1309,0.09,1156.409,115.64,0.48,1.11,28.87,37.1,0,13.11,1.89,"{""adx_min"":24,""atr_mult"":0.7,""trail_offset"":0.2}"
Exp_3D_A24_T07_O025,grid_3d,"ADX=24 ATR=0.7 Trail=0.25",1266,0.22,2798.333,279.83,0.69,1.18,26.69,34.8,0,23.85,2.47,"{""adx_min"":24,""atr_mult"":0.7,""trail_offset"":0.25}"
Exp_3D_A24_T07_O03,grid_3d,"ADX=24 ATR=0.7 Trail=0.3",1232,0.33,4034.463,403.45,0.78,1.22,31.68,33.1,0,29.58,2.83,"{""adx_min"":24,""atr_mult"":0.7,""trail_offset"":0.3}"
Exp_3D_A24_T10_O02,grid_3d,"ADX=24 ATR=1.0 Trail=0.2",978,0.07,720.163,72.02,0.31,1.10,26.05,37.1,0,9.08,1.26,"{""adx_min"":24,""atr_mult"":1.0,""trail_offset"":0.2}"
Exp_3D_A24_T10_O025,grid_3d,"ADX=24 ATR=1.0 Trail=0.25",944,0.17,1618.266,161.83,0.46,1.16,24.86,34.6,0,16.68,1.76,"{""adx_min"":24,""atr_mult"":1.0,""trail_offset"":0.25}"
Exp_3D_A24_T10_O03,grid_3d,"ADX=24 ATR=1.0 Trail=0.3",924,0.29,2705.337,270.53,0.55,1.21,26.37,33.1,0,23.36,2.11,"{""adx_min"":24,""atr_mult"":1.0,""trail_offset"":0.3}"
Exp_3D_A26_T03_O02,grid_3d,"ADX=26 ATR=0.3 Trail=0.2",1618,0.04,600.869,60.09,0.27,1.05,39.55,35.9,0,7.83,1.11,"{""adx_min"":26,""atr_mult"":0.3,""trail_offset"":0.2}"
Exp_3D_A26_T03_O025,grid_3d,"ADX=26 ATR=0.3 Trail=0.25",1564,0.08,1286.003,128.60,0.42,1.08,41.53,32.9,0,14.17,1.71,"{""adx_min"":26,""atr_mult"":0.3,""trail_offset"":0.25}"
Exp_3D_A26_T03_O03,grid_3d,"ADX=26 ATR=0.3 Trail=0.3",1524,0.15,2266.44,226.64,0.59,1.12,40.18,31.4,0,20.89,2.30,"{""adx_min"":26,""atr_mult"":0.3,""trail_offset"":0.3}"
Exp_3D_A26_T05_O02,grid_3d,"ADX=26 ATR=0.5 Trail=0.2",1390,0.07,953.167,95.32,0.39,1.08,35.47,36.8,0,11.33,1.56,"{""adx_min"":26,""atr_mult"":0.5,""trail_offset"":0.2}"
Exp_3D_A26_T05_O025,grid_3d,"ADX=26 ATR=0.5 Trail=0.25",1351,0.17,2245.873,224.59,0.60,1.14,26.53,34.3,0,20.77,2.17,"{""adx_min"":26,""atr_mult"":0.5,""trail_offset"":0.25}"
Exp_3D_A26_T05_O03,grid_3d,"ADX=26 ATR=0.5 Trail=0.3",1313,0.28,3701.087,370.11,0.74,1.19,25.71,32.8,0,28.16,2.55,"{""adx_min"":26,""atr_mult"":0.5,""trail_offset"":0.3}"
Exp_3D_A26_T07_O02,grid_3d,"ADX=26 ATR=0.7 Trail=0.2",1168,0.08,878.93,87.89,0.36,1.09,26.46,37.4,0,10.64,1.53,"{""adx_min"":26,""atr_mult"":0.7,""trail_offset"":0.2}"
Exp_3D_A26_T07_O025,grid_3d,"ADX=26 ATR=0.7 Trail=0.25",1131,0.21,2341.66,234.17,0.58,1.17,20.32,35.0,0,21.34,2.22,"{""adx_min"":26,""atr_mult"":0.7,""trail_offset"":0.25}"
Exp_3D_A26_T07_O03,grid_3d,"ADX=26 ATR=0.7 Trail=0.3",1105,0.29,3157.545,315.75,0.64,1.20,24.34,33.3,0,25.66,2.48,"{""adx_min"":26,""atr_mult"":0.7,""trail_offset"":0.3}"
Exp_3D_A26_T10_O02,grid_3d,"ADX=26 ATR=1.0 Trail=0.2",869,0.05,421.022,42.10,0.19,1.07,29.39,36.7,0,5.79,0.81,"{""adx_min"":26,""atr_mult"":1.0,""trail_offset"":0.2}"
Exp_3D_A26_T10_O025,grid_3d,"ADX=26 ATR=1.0 Trail=0.25",841,0.14,1137.812,113.78,0.36,1.14,22.42,34.5,0,12.95,1.50,"{""adx_min"":26,""atr_mult"":1.0,""trail_offset"":0.25}"
Exp_3D_A26_T10_O03,grid_3d,"ADX=26 ATR=1.0 Trail=0.3",825,0.22,1806.188,180.62,0.44,1.18,27.52,33.0,0,17.99,1.80,"{""adx_min"":26,""atr_mult"":1.0,""trail_offset"":0.3}"
Exp_3D_A28_T03_O02,grid_3d,"ADX=28 ATR=0.3 Trail=0.2",1446,0.06,831.104,83.11,0.36,1.07,36.29,36.2,0,10.18,1.44,"{""adx_min"":28,""atr_mult"":0.3,""trail_offset"":0.2}"
Exp_3D_A28_T03_O025,grid_3d,"ADX=28 ATR=0.3 Trail=0.25",1402,0.11,1591.169,159.12,0.51,1.11,35.73,33.2,0,16.49,1.98,"{""adx_min"":28,""atr_mult"":0.3,""trail_offset"":0.25}"
Exp_3D_A28_T03_O03,grid_3d,"ADX=28 ATR=0.3 Trail=0.3",1373,0.2,2690.56,269.06,0.64,1.15,34.22,31.8,0,23.28,2.46,"{""adx_min"":28,""atr_mult"":0.3,""trail_offset"":0.3}"
Exp_3D_A28_T05_O02,grid_3d,"ADX=28 ATR=0.5 Trail=0.2",1244,0.1,1230.041,123.00,0.46,1.11,19.92,37.4,0,13.72,1.80,"{""adx_min"":28,""atr_mult"":0.5,""trail_offset"":0.2}"
Exp_3D_A28_T05_O025,grid_3d,"ADX=28 ATR=0.5 Trail=0.25",1206,0.22,2665.485,266.55,0.67,1.18,16.17,34.8,0,23.15,2.37,"{""adx_min"":28,""atr_mult"":0.5,""trail_offset"":0.25}"
Exp_3D_A28_T05_O03,grid_3d,"ADX=28 ATR=0.5 Trail=0.3",1179,0.36,4248.389,424.84,0.77,1.23,16.24,33.4,0,30.44,2.68,"{""adx_min"":28,""atr_mult"":0.5,""trail_offset"":0.3}"
Exp_3D_A28_T07_O02,grid_3d,"ADX=28 ATR=0.7 Trail=0.2",1051,0.06,612.946,61.29,0.28,1.08,23.01,36.8,0,7.96,1.22,"{""adx_min"":28,""atr_mult"":0.7,""trail_offset"":0.2}"
Exp_3D_A28_T07_O025,grid_3d,"ADX=28 ATR=0.7 Trail=0.25",1017,0.21,2172.981,217.30,0.58,1.19,20.23,35.0,0,20.33,2.26,"{""adx_min"":28,""atr_mult"":0.7,""trail_offset"":0.25}"
Exp_3D_A28_T07_O03,grid_3d,"ADX=28 ATR=0.7 Trail=0.3",999,0.29,2943.391,294.34,0.63,1.21,26.07,33.2,0,24.60,2.47,"{""adx_min"":28,""atr_mult"":0.7,""trail_offset"":0.3}"
Exp_3D_A28_T10_O02,grid_3d,"ADX=28 ATR=1.0 Trail=0.2",776,0.07,508.949,50.89,0.22,1.09,24.57,36.9,0,6.82,0.92,"{""adx_min"":28,""atr_mult"":1.0,""trail_offset"":0.2}"
Exp_3D_A28_T10_O025,grid_3d,"ADX=28 ATR=1.0 Trail=0.25",754,0.18,1329.845,132.98,0.39,1.17,20.80,34.6,0,14.52,1.59,"{""adx_min"":28,""atr_mult"":1.0,""trail_offset"":0.25}"
Exp_3D_A28_T10_O03,grid_3d,"ADX=28 ATR=1.0 Trail=0.3",741,0.25,1839.506,183.95,0.43,1.20,22.49,32.8,0,18.21,1.76,"{""adx_min"":28,""atr_mult"":1.0,""trail_offset"":0.3}"
Exp_3D_A30_T03_O02,grid_3d,"ADX=30 ATR=0.3 Trail=0.2",1299,0.05,615.111,61.51,0.28,1.07,30.84,35.6,0,7.99,1.19,"{""adx_min"":30,""atr_mult"":0.3,""trail_offset"":0.2}"
Exp_3D_A30_T03_O025,grid_3d,"ADX=30 ATR=0.3 Trail=0.25",1259,0.12,1499.338,149.93,0.49,1.12,32.50,33.1,0,15.82,2.01,"{""adx_min"":30,""atr_mult"":0.3,""trail_offset"":0.25}"
Exp_3D_A30_T03_O03,grid_3d,"ADX=30 ATR=0.3 Trail=0.3",1235,0.21,2586.055,258.61,0.61,1.16,29.88,31.8,0,22.72,2.52,"{""adx_min"":30,""atr_mult"":0.3,""trail_offset"":0.3}"
Exp_3D_A30_T05_O02,grid_3d,"ADX=30 ATR=0.5 Trail=0.2",1133,0.08,866.536,86.65,0.37,1.10,28.51,36.7,0,10.52,1.57,"{""adx_min"":30,""atr_mult"":0.5,""trail_offset"":0.2}"
Exp_3D_A30_T05_O025,grid_3d,"ADX=30 ATR=0.5 Trail=0.25",1095,0.22,2381.798,238.18,0.66,1.20,20.90,34.7,0,21.57,2.51,"{""adx_min"":30,""atr_mult"":0.5,""trail_offset"":0.25}"
Exp_3D_A30_T05_O03,grid_3d,"ADX=30 ATR=0.5 Trail=0.3",1072,0.37,3929.941,392.99,0.76,1.25,11.96,33.5,0,29.14,2.85,"{""adx_min"":30,""atr_mult"":0.5,""trail_offset"":0.3}"
Exp_3D_A30_T07_O02,grid_3d,"ADX=30 ATR=0.7 Trail=0.2",949,0.06,603.814,60.38,0.28,1.09,18.98,36.7,0,7.87,1.25,"{""adx_min"":30,""atr_mult"":0.7,""trail_offset"":0.2}"
Exp_3D_A30_T07_O025,grid_3d,"ADX=30 ATR=0.7 Trail=0.25",916,0.27,2504.779,250.48,0.64,1.23,11.25,35.5,0,22.27,2.45,"{""adx_min"":30,""atr_mult"":0.7,""trail_offset"":0.25}"
Exp_3D_A30_T07_O03,grid_3d,"ADX=30 ATR=0.7 Trail=0.3",900,0.35,3148.06,314.81,0.66,1.25,18.37,33.7,0,25.61,2.60,"{""adx_min"":30,""atr_mult"":0.7,""trail_offset"":0.3}"
Exp_3D_A30_T10_O02,grid_3d,"ADX=30 ATR=1.0 Trail=0.2",689,0.08,540.019,54.00,0.23,1.10,22.27,36.9,0,7.17,0.93,"{""adx_min"":30,""atr_mult"":1.0,""trail_offset"":0.2}"
Exp_3D_A30_T10_O025,grid_3d,"ADX=30 ATR=1.0 Trail=0.25",669,0.23,1540.289,154.03,0.43,1.21,14.02,35.7,0,16.12,1.71,"{""adx_min"":30,""atr_mult"":1.0,""trail_offset"":0.25}"
Exp_3D_A30_T10_O03,grid_3d,"ADX=30 ATR=1.0 Trail=0.3",657,0.28,1854.125,185.41,0.43,1.22,17.45,33.6,0,18.31,1.77,"{""adx_min"":30,""atr_mult"":1.0,""trail_offset"":0.3}"
Exp_3D_A32_T03_O02,grid_3d,"ADX=32 ATR=0.3 Trail=0.2",1157,0.02,249.574,24.96,0.14,1.03,37.33,35.0,0,3.64,0.57,"{""adx_min"":32,""atr_mult"":0.3,""trail_offset"":0.2}"
Exp_3D_A32_T03_O025,grid_3d,"ADX=32 ATR=0.3 Trail=0.25",1123,0.12,1328.227,132.82,0.44,1.12,35.47,33.4,0,14.51,1.78,"{""adx_min"":32,""atr_mult"":0.3,""trail_offset"":0.25}"
Exp_3D_A32_T03_O03,grid_3d,"ADX=32 ATR=0.3 Trail=0.3",1098,0.19,2060.721,206.07,0.51,1.15,23.54,31.6,0,19.64,2.13,"{""adx_min"":32,""atr_mult"":0.3,""trail_offset"":0.3}"
Exp_3D_A32_T05_O02,grid_3d,"ADX=32 ATR=0.5 Trail=0.2",997,0.07,694.92,69.49,0.31,1.09,29.79,36.5,0,8.83,1.29,"{""adx_min"":32,""atr_mult"":0.5,""trail_offset"":0.2}"
Exp_3D_A32_T05_O025,grid_3d,"ADX=32 ATR=0.5 Trail=0.25",963,0.23,2259.911,225.99,0.61,1.21,17.84,35.1,0,20.86,2.27,"{""adx_min"":32,""atr_mult"":0.5,""trail_offset"":0.25}"
Exp_3D_A32_T05_O03,grid_3d,"ADX=32 ATR=0.5 Trail=0.3",944,0.34,3220.462,322.05,0.63,1.23,19.11,33.3,0,25.96,2.45,"{""adx_min"":32,""atr_mult"":0.5,""trail_offset"":0.3}"
Exp_3D_A32_T07_O02,grid_3d,"ADX=32 ATR=0.7 Trail=0.2",828,0.07,611.691,61.17,0.29,1.11,21.32,36.6,0,7.95,1.22,"{""adx_min"":32,""atr_mult"":0.7,""trail_offset"":0.2}"
Exp_3D_A32_T07_O025,grid_3d,"ADX=32 ATR=0.7 Trail=0.25",798,0.28,2229.639,222.96,0.58,1.25,13.71,35.6,0,20.67,2.21,"{""adx_min"":32,""atr_mult"":0.7,""trail_offset"":0.25}"
Exp_3D_A32_T07_O03,grid_3d,"ADX=32 ATR=0.7 Trail=0.3",782,0.37,2921.108,292.11,0.60,1.27,17.22,33.6,0,24.49,2.35,"{""adx_min"":32,""atr_mult"":0.7,""trail_offset"":0.3}"
Exp_3D_A32_T10_O02,grid_3d,"ADX=32 ATR=1.0 Trail=0.2",599,0.06,331.856,33.19,0.16,1.08,22.75,36.1,0,4.70,0.64,"{""adx_min"":32,""atr_mult"":1.0,""trail_offset"":0.2}"
Exp_3D_A32_T10_O025,grid_3d,"ADX=32 ATR=1.0 Trail=0.25",583,0.16,938.13,93.81,0.31,1.17,17.37,34.8,0,11.19,1.29,"{""adx_min"":32,""atr_mult"":1.0,""trail_offset"":0.25}"
Exp_3D_A32_T10_O03,grid_3d,"ADX=32 ATR=1.0 Trail=0.3",573,0.22,1239.361,123.94,0.34,1.20,21.34,33.0,0,13.80,1.43,"{""adx_min"":32,""atr_mult"":1.0,""trail_offset"":0.3}"
Exp_EMA_10_30_100,ema_periods,"EMA(10/30/100)",1275,0.35,4447.212,444.72,0.72,1.19,31.38,32.8,0,31.22,2.45,"{""ema_fast"":10,""ema_mid"":30,""ema_slow"":100}"
Exp_EMA_10_30_200,ema_periods,"EMA(10/30/200)",1218,0.38,4609.111,460.91,0.77,1.22,16.87,33.4,0,31.84,2.62,"{""ema_fast"":10,""ema_mid"":30,""ema_slow"":200}"
Exp_EMA_13_34_200,ema_periods,"EMA(13/34/200)",1209,0.38,4643.954,464.40,0.77,1.22,16.89,33.5,0,31.97,2.61,"{""ema_fast"":13,""ema_mid"":34,""ema_slow"":200}"
Exp_EMA_13_55_200,ema_periods,"EMA(13/55/200)",1182,0.37,4376.132,437.61,0.78,1.23,16.29,33.5,0,30.95,2.70,"{""ema_fast"":13,""ema_mid"":55,""ema_slow"":200}"
Exp_EMA_21_55_100,ema_periods,"EMA(21/55/100)",1210,0.37,4416.985,441.70,0.75,1.22,17.16,33.1,0,31.11,2.57,"{""ema_fast"":21,""ema_mid"":55,""ema_slow"":100}"
Exp_EMA_21_55_150,ema_periods,"EMA(21/55/150)",1183,0.32,3825.579,382.56,0.72,1.21,16.29,33.1,0,28.70,2.58,"{""ema_fast"":21,""ema_mid"":55,""ema_slow"":150}"
Exp_EMA_21_75_200,ema_periods,"EMA(21/75/200)",1154,0.36,4211.408,421.14,0.76,1.23,19.14,33.4,0,30.29,2.62,"{""ema_fast"":21,""ema_mid"":75,""ema_slow"":200}"
Exp_EMA_21_100_200,ema_periods,"EMA(21/100/200)",1131,0.37,4223.543,422.35,0.76,1.24,19.83,33.7,0,30.34,2.64,"{""ema_fast"":21,""ema_mid"":100,""ema_slow"":200}"
Exp_EMA_8_21_100,ema_periods,"EMA(8/21/100)",1300,0.34,4409.431,440.94,0.70,1.19,32.50,32.5,0,31.08,2.42,"{""ema_fast"":8,""ema_mid"":21,""ema_slow"":100}"
Exp_EMA_8_21_200,ema_periods,"EMA(8/21/200)",1256,0.38,4717.635,471.76,0.77,1.21,17.82,33.3,0,32.25,2.58,"{""ema_fast"":8,""ema_mid"":21,""ema_slow"":200}"
Exp_EMA_34_89_200,ema_periods,"EMA(34/89/200)",1134,0.39,4427.59,442.76,0.78,1.25,18.82,33.7,0,31.15,2.69,"{""ema_fast"":34,""ema_mid"":89,""ema_slow"":200}"
Exp_EMA_10_55_200,ema_periods,"EMA(10/55/200)",1183,0.37,4405.677,440.57,0.79,1.23,16.28,33.6,0,31.06,2.71,"{""ema_fast"":10,""ema_mid"":55,""ema_slow"":200}"
Exp_EMA_15_40_150,ema_periods,"EMA(15/40/150)",1208,0.38,4553.014,455.30,0.77,1.22,17.16,33.3,0,31.63,2.60,"{""ema_fast"":15,""ema_mid"":40,""ema_slow"":150}"
Exp_EMA_20_50_200,ema_periods,"EMA(20/50/200)",1186,0.35,4154.565,415.46,0.76,1.22,16.29,33.4,0,30.07,2.67,"{""ema_fast"":20,""ema_mid"":50,""ema_slow"":200}"
Exp_EMA_25_60_200,ema_periods,"EMA(25/60/200)",1169,0.36,4198.264,419.83,0.78,1.24,16.25,33.3,0,30.24,2.72,"{""ema_fast"":25,""ema_mid"":60,""ema_slow"":200}"
Exp_EMA_13_34_100,ema_periods,"EMA(13/34/100)",1263,0.3,3751.299,375.13,0.67,1.18,29.18,32.6,0,28.38,2.40,"{""ema_fast"":13,""ema_mid"":34,""ema_slow"":100}"
Exp_SL006_Lev3,sl_leverage,"SL=-0.06 Lev=3.0",1066,0.25,2671.253,267.13,0.85,1.31,11.62,32.2,0,23.18,4.33,"{""stoploss"":-0.06,""leverage"":3.0}"
Exp_SL006_Lev5,sl_leverage,"SL=-0.06 Lev=5.0",1205,0.05,623.752,62.38,0.28,1.08,31.13,24.5,0,8.08,2.72,"{""stoploss"":-0.06,""leverage"":5.0}"
Exp_SL006_Lev7,sl_leverage,"SL=-0.06 Lev=7.0",1305,0,46.047,4.60,0.02,1.01,36.95,21.1,0,0.72,0.28,"{""stoploss"":-0.06,""leverage"":7.0}"
Exp_SL006_Lev10,sl_leverage,"SL=-0.06 Lev=10.0",1383,-0.04,-578.181,-57.82,-0.41,0.90,74.12,18.6,0,-12.92,-2.22,"{""stoploss"":-0.06,""leverage"":10.0}"
Exp_SL008_Lev3,sl_leverage,"SL=-0.08 Lev=3.0",1048,0.32,3311.61,331.16,0.83,1.30,11.85,35.2,0,26.40,3.06,"{""stoploss"":-0.08,""leverage"":3.0}"
Exp_SL008_Lev5,sl_leverage,"SL=-0.08 Lev=5.0",1189,0.17,2009.068,200.91,0.56,1.16,34.30,29.7,0,19.31,3.04,"{""stoploss"":-0.08,""leverage"":5.0}"
Exp_SL008_Lev7,sl_leverage,"SL=-0.08 Lev=7.0",1296,0.02,285.41,28.54,0.11,1.03,38.34,25.7,0,4.11,0.90,"{""stoploss"":-0.08,""leverage"":7.0}"
Exp_SL008_Lev10,sl_leverage,"SL=-0.08 Lev=10.0",1394,-0.04,-615.369,-61.54,-0.34,0.92,78.67,22.7,0,-14.20,-1.51,"{""stoploss"":-0.08,""leverage"":10.0}"
Exp_SL01_Lev3,sl_leverage,"SL=-0.1 Lev=3.0",1038,0.44,4523.52,452.35,0.86,1.31,15.30,37.4,0,31.52,2.50,"{""stoploss"":-0.1,""leverage"":3.0}"
Exp_SL01_Lev5,sl_leverage,"SL=-0.1 Lev=5.0",1179,0.36,4248.389,424.84,0.77,1.23,16.24,33.4,0,30.44,2.68,"{""stoploss"":-0.1,""leverage"":5.0}"
Exp_SL01_Lev7,sl_leverage,"SL=-0.1 Lev=7.0",1283,0.07,855.803,85.58,0.27,1.06,47.35,29.8,0,10.42,1.45,"{""stoploss"":-0.1,""leverage"":7.0}"
Exp_SL01_Lev10,sl_leverage,"SL=-0.1 Lev=10.0",1404,-0.04,-584.155,-58.42,-0.28,0.94,80.84,26.6,0,-13.12,-1.08,"{""stoploss"":-0.1,""leverage"":10.0}"
Exp_SL012_Lev3,sl_leverage,"SL=-0.12 Lev=3.0",1037,0.43,4474.421,447.44,0.84,1.31,12.92,37.9,0,31.33,2.21,"{""stoploss"":-0.12,""leverage"":3.0}"
Exp_SL012_Lev5,sl_leverage,"SL=-0.12 Lev=5.0",1175,0.29,3394.832,339.48,0.66,1.19,19.51,35.0,0,26.78,2.03,"{""stoploss"":-0.12,""leverage"":5.0}"
Exp_SL012_Lev7,sl_leverage,"SL=-0.12 Lev=7.0",1290,0.19,2442.298,244.23,0.44,1.10,44.47,33.6,0,21.91,1.81,"{""stoploss"":-0.12,""leverage"":7.0}"
Exp_SL012_Lev10,sl_leverage,"SL=-0.12 Lev=10.0",1405,-0.04,-503.65,-50.36,-0.20,0.96,79.93,30.1,0,-10.62,-0.67,"{""stoploss"":-0.12,""leverage"":10.0}"
Exp_SL015_Lev3,sl_leverage,"SL=-0.15 Lev=3.0",1036,0.4,4106.198,410.62,0.78,1.29,14.49,38.6,0,29.87,1.82,"{""stoploss"":-0.15,""leverage"":3.0}"
Exp_SL015_Lev5,sl_leverage,"SL=-0.15 Lev=5.0",1160,0.35,4029.38,402.94,0.69,1.20,14.82,37.2,0,29.55,1.77,"{""stoploss"":-0.15,""leverage"":5.0}"
Exp_SL015_Lev7,sl_leverage,"SL=-0.15 Lev=7.0",1286,0.19,2504.537,250.45,0.43,1.10,28.78,36.4,0,22.27,1.34,"{""stoploss"":-0.15,""leverage"":7.0}"
Exp_SL015_Lev10,sl_leverage,"SL=-0.15 Lev=10.0",1414,-0.03,-396.872,-39.69,-0.12,0.98,80.68,34.4,0,-7.79,-0.33,"{""stoploss"":-0.15,""leverage"":10.0}"
Exp_DC14_ATR00,dc_atr,"DC=14 ATR=0.0",1597,0.13,2138.466,213.85,0.56,1.11,44.09,31.1,0,20.12,2.19,"{""dc_period"":14,""atr_mult"":0.0}"
Exp_DC14_ATR03,dc_atr,"DC=14 ATR=0.3",1396,0.18,2553.006,255.30,0.64,1.15,35.57,31.6,0,22.53,2.44,"{""dc_period"":14,""atr_mult"":0.3}"
Exp_DC14_ATR05,dc_atr,"DC=14 ATR=0.5",1202,0.36,4305.331,430.53,0.81,1.24,17.09,33.4,0,30.67,2.75,"{""dc_period"":14,""atr_mult"":0.5}"
Exp_DC14_ATR07,dc_atr,"DC=14 ATR=0.7",1019,0.28,2884.248,288.42,0.64,1.22,25.47,33.2,0,24.30,2.51,"{""dc_period"":14,""atr_mult"":0.7}"
Exp_DC18_ATR00,dc_atr,"DC=18 ATR=0.0",1573,0.16,2542.622,254.26,0.61,1.13,42.14,31.3,0,22.48,2.33,"{""dc_period"":18,""atr_mult"":0.0}"
Exp_DC18_ATR03,dc_atr,"DC=18 ATR=0.3",1382,0.19,2592.919,259.29,0.63,1.15,34.93,31.7,0,22.75,2.44,"{""dc_period"":18,""atr_mult"":0.3}"
Exp_DC18_ATR05,dc_atr,"DC=18 ATR=0.5",1185,0.36,4264.354,426.44,0.79,1.23,16.23,33.4,0,30.51,2.70,"{""dc_period"":18,""atr_mult"":0.5}"
Exp_DC18_ATR07,dc_atr,"DC=18 ATR=0.7",1006,0.29,2921.842,292.18,0.63,1.21,26.90,33.2,0,24.49,2.47,"{""dc_period"":18,""atr_mult"":0.7}"
Exp_DC20_ATR00,dc_atr,"DC=20 ATR=0.0",1564,0.17,2583.304,258.33,0.62,1.13,41.92,31.3,0,22.70,2.36,"{""dc_period"":20,""atr_mult"":0.0}"
Exp_DC20_ATR03,dc_atr,"DC=20 ATR=0.3",1373,0.2,2690.56,269.06,0.64,1.15,34.22,31.8,0,23.28,2.46,"{""dc_period"":20,""atr_mult"":0.3}"
Exp_DC20_ATR05,dc_atr,"DC=20 ATR=0.5",1179,0.36,4248.389,424.84,0.77,1.23,16.24,33.4,0,30.44,2.68,"{""dc_period"":20,""atr_mult"":0.5}"
Exp_DC20_ATR07,dc_atr,"DC=20 ATR=0.7",999,0.29,2943.391,294.34,0.63,1.21,26.07,33.2,0,24.60,2.47,"{""dc_period"":20,""atr_mult"":0.7}"
Exp_DC25_ATR00,dc_atr,"DC=25 ATR=0.0",1555,0.17,2607.032,260.70,0.62,1.13,42.76,31.6,0,22.83,2.39,"{""dc_period"":25,""atr_mult"":0.0}"
Exp_DC25_ATR03,dc_atr,"DC=25 ATR=0.3",1365,0.19,2648.785,264.88,0.63,1.15,35.17,31.9,0,23.06,2.47,"{""dc_period"":25,""atr_mult"":0.3}"
Exp_DC25_ATR05,dc_atr,"DC=25 ATR=0.5",1172,0.37,4349.493,434.95,0.78,1.23,16.30,33.5,0,30.84,2.68,"{""dc_period"":25,""atr_mult"":0.5}"
Exp_DC25_ATR07,dc_atr,"DC=25 ATR=0.7",990,0.33,3268.101,326.81,0.65,1.23,25.28,33.5,0,26.19,2.52,"{""dc_period"":25,""atr_mult"":0.7}"
Exp_DC30_ATR00,dc_atr,"DC=30 ATR=0.0",1543,0.17,2682.642,268.26,0.63,1.13,42.33,31.7,0,23.24,2.35,"{""dc_period"":30,""atr_mult"":0.0}"
Exp_DC30_ATR03,dc_atr,"DC=30 ATR=0.3",1358,0.2,2733.18,273.32,0.63,1.15,35.10,32.0,0,23.51,2.44,"{""dc_period"":30,""atr_mult"":0.3}"
Exp_DC30_ATR05,dc_atr,"DC=30 ATR=0.5",1170,0.37,4312.306,431.23,0.79,1.24,16.28,33.6,0,30.70,2.70,"{""dc_period"":30,""atr_mult"":0.5}"
Exp_DC30_ATR07,dc_atr,"DC=30 ATR=0.7",985,0.32,3198.335,319.83,0.66,1.23,24.36,33.5,0,25.86,2.54,"{""dc_period"":30,""atr_mult"":0.7}"
Exp_Tr003_Off015,trailing_grid,"TrailPos=0.03 Offset=0.15",1435,0.25,3650.973,365.10,0.78,1.16,18.42,41.7,0,27.94,2.51,"{""trail_positive"":0.03,""trail_offset"":0.15}"
Exp_Tr003_Off02,trailing_grid,"TrailPos=0.03 Offset=0.2",1327,0.47,6301.14,630.11,0.92,1.23,19.70,37.2,0,37.53,2.68,"{""trail_positive"":0.03,""trail_offset"":0.2}"
Exp_Tr003_Off025,trailing_grid,"TrailPos=0.03 Offset=0.25",1260,0.88,11110.693,1111.07,1.00,1.31,18.51,34.6,0,49.15,2.71,"{""trail_positive"":0.03,""trail_offset"":0.25}"
Exp_Tr003_Off03,trailing_grid,"TrailPos=0.03 Offset=0.3",1211,1.02,12369.781,1236.98,1.00,1.33,17.36,33.0,0,51.54,2.91,"{""trail_positive"":0.03,""trail_offset"":0.3}"
Exp_Tr003_Off035,trailing_grid,"TrailPos=0.03 Offset=0.35",1170,1.18,13766.942,1376.69,0.96,1.34,18.44,32.4,0,53.97,2.84,"{""trail_positive"":0.03,""trail_offset"":0.35}"
Exp_Tr003_Off04,trailing_grid,"TrailPos=0.03 Offset=0.4",1143,1.19,13576.921,1357.69,0.94,1.35,17.92,31.3,0,53.65,2.93,"{""trail_positive"":0.03,""trail_offset"":0.4}"
Exp_Tr005_Off015,trailing_grid,"TrailPos=0.05 Offset=0.15",1426,0.08,1089.632,108.96,0.42,1.08,27.13,41.7,0,12.54,1.62,"{""trail_positive"":0.05,""trail_offset"":0.15}"
Exp_Tr005_Off02,trailing_grid,"TrailPos=0.05 Offset=0.2",1318,0.22,2892.794,289.28,0.70,1.17,19.28,37.3,0,24.34,2.43,"{""trail_positive"":0.05,""trail_offset"":0.2}"
Exp_Tr005_Off025,trailing_grid,"TrailPos=0.05 Offset=0.25",1258,0.44,5565.871,556.59,0.84,1.23,18.46,34.5,0,35.21,2.55,"{""trail_positive"":0.05,""trail_offset"":0.25}"
Exp_Tr005_Off03,trailing_grid,"TrailPos=0.05 Offset=0.3",1211,0.6,7308.064,730.81,0.89,1.27,17.53,32.9,0,40.41,2.80,"{""trail_positive"":0.05,""trail_offset"":0.3}"
Exp_Tr005_Off035,trailing_grid,"TrailPos=0.05 Offset=0.35",1170,0.78,9115.256,911.53,0.89,1.29,18.58,32.3,0,44.91,2.78,"{""trail_positive"":0.05,""trail_offset"":0.35}"
Exp_Tr005_Off04,trailing_grid,"TrailPos=0.05 Offset=0.4",1143,0.85,9698.962,969.90,0.89,1.32,17.91,31.3,0,46.22,2.88,"{""trail_positive"":0.05,""trail_offset"":0.4}"
Exp_Tr008_Off015,trailing_grid,"TrailPos=0.08 Offset=0.15",1364,0.03,388.119,38.81,0.21,1.04,35.78,42.1,0,5.40,0.81,"{""trail_positive"":0.08,""trail_offset"":0.15}"
Exp_Tr008_Off02,trailing_grid,"TrailPos=0.08 Offset=0.2",1281,0.14,1747.122,174.71,0.56,1.13,31.21,37.6,0,17.58,2.09,"{""trail_positive"":0.08,""trail_offset"":0.2}"
Exp_Tr008_Off025,trailing_grid,"TrailPos=0.08 Offset=0.25",1233,0.25,3040.916,304.09,0.69,1.19,17.51,34.7,0,25.09,2.38,"{""trail_positive"":0.08,""trail_offset"":0.25}"
Exp_Tr008_Off03,trailing_grid,"TrailPos=0.08 Offset=0.3",1195,0.41,4904.507,490.45,0.83,1.25,15.93,33.2,0,32.93,2.78,"{""trail_positive"":0.08,""trail_offset"":0.3}"
Exp_Tr008_Off035,trailing_grid,"TrailPos=0.08 Offset=0.35",1152,0.59,6748.157,674.82,0.86,1.28,17.92,32.6,0,38.85,2.89,"{""trail_positive"":0.08,""trail_offset"":0.35}"
Exp_Tr008_Off04,trailing_grid,"TrailPos=0.08 Offset=0.4",1132,0.66,7510.047,751.00,0.85,1.29,17.86,31.4,0,40.95,2.83,"{""trail_positive"":0.08,""trail_offset"":0.4}"
Exp_Tr01_Off015,trailing_grid,"TrailPos=0.1 Offset=0.15",1309,0.02,254.459,25.45,0.14,1.03,32.64,42.2,0,3.70,0.54,"{""trail_positive"":0.1,""trail_offset"":0.15}"
Exp_Tr01_Off02,trailing_grid,"TrailPos=0.1 Offset=0.2",1244,0.1,1230.041,123.00,0.46,1.11,19.92,37.4,0,13.72,1.80,"{""trail_positive"":0.1,""trail_offset"":0.2}"
Exp_Tr01_Off025,trailing_grid,"TrailPos=0.1 Offset=0.25",1206,0.22,2665.485,266.55,0.67,1.18,16.17,34.8,0,23.15,2.37,"{""trail_positive"":0.1,""trail_offset"":0.25}"
Exp_Tr01_Off03,trailing_grid,"TrailPos=0.1 Offset=0.3",1179,0.36,4248.389,424.84,0.77,1.23,16.24,33.4,0,30.44,2.68,"{""trail_positive"":0.1,""trail_offset"":0.3}"
Exp_Tr01_Off035,trailing_grid,"TrailPos=0.1 Offset=0.35",1142,0.54,6193.115,619.31,0.85,1.28,18.09,32.7,0,37.20,2.87,"{""trail_positive"":0.1,""trail_offset"":0.35}"
Exp_Tr01_Off04,trailing_grid,"TrailPos=0.1 Offset=0.4",1126,0.61,6914.204,691.42,0.84,1.29,17.90,31.6,0,39.32,2.83,"{""trail_positive"":0.1,""trail_offset"":0.4}"
Exp_Tr012_Off015,trailing_grid,"TrailPos=0.12 Offset=0.15",1269,0.01,169.47,16.95,0.09,1.02,33.52,41.7,0,2.54,0.38,"{""trail_positive"":0.12,""trail_offset"":0.15}"
Exp_Tr012_Off02,trailing_grid,"TrailPos=0.12 Offset=0.2",1221,0.09,1081.863,108.19,0.42,1.11,29.96,37.4,0,12.47,1.67,"{""trail_positive"":0.12,""trail_offset"":0.2}"
Exp_Tr012_Off025,trailing_grid,"TrailPos=0.12 Offset=0.25",1191,0.16,1923.449,192.34,0.57,1.15,16.13,34.9,0,18.76,2.17,"{""trail_positive"":0.12,""trail_offset"":0.25}"
Exp_Tr012_Off03,trailing_grid,"TrailPos=0.12 Offset=0.3",1167,0.3,3532.517,353.25,0.75,1.22,16.27,33.6,0,27.41,2.68,"{""trail_positive"":0.12,""trail_offset"":0.3}"
Exp_Tr012_Off035,trailing_grid,"TrailPos=0.12 Offset=0.35",1138,0.44,5057.652,505.77,0.81,1.26,17.87,32.8,0,33.48,2.81,"{""trail_positive"":0.12,""trail_offset"":0.35}"
Exp_Tr012_Off04,trailing_grid,"TrailPos=0.12 Offset=0.4",1124,0.49,5473.672,547.37,0.79,1.27,17.87,31.5,0,34.90,2.77,"{""trail_positive"":0.12,""trail_offset"":0.4}"
Exp_Tr015_Off02,trailing_grid,"TrailPos=0.15 Offset=0.2",1180,0.1,1166.23,116.62,0.42,1.11,26.80,37.9,0,13.19,1.75,"{""trail_positive"":0.15,""trail_offset"":0.2}"
Exp_Tr015_Off025,trailing_grid,"TrailPos=0.15 Offset=0.25",1158,0.18,2100.804,210.08,0.57,1.16,16.70,35.4,0,19.89,2.29,"{""trail_positive"":0.15,""trail_offset"":0.25}"
Exp_Tr015_Off03,trailing_grid,"TrailPos=0.15 Offset=0.3",1144,0.34,3918.725,391.87,0.73,1.22,16.45,33.8,0,29.09,2.78,"{""trail_positive"":0.15,""trail_offset"":0.3}"
Exp_Tr015_Off035,trailing_grid,"TrailPos=0.15 Offset=0.35",1123,0.48,5336.517,533.65,0.80,1.26,17.90,32.9,0,34.44,2.83,"{""trail_positive"":0.15,""trail_offset"":0.35}"
Exp_Tr015_Off04,trailing_grid,"TrailPos=0.15 Offset=0.4",1112,0.52,5739.057,573.91,0.80,1.27,17.89,31.7,0,35.78,2.82,"{""trail_positive"":0.15,""trail_offset"":0.4}"
Exp_MB32_TP03,timeout_tp,"MaxBars=32 TP=0.3",1257,0.14,1747.451,174.75,0.52,1.14,18.35,33.3,0,17.59,1.84,"{""max_bars"":32,""tp_big"":0.3}"
Exp_MB32_TP04,timeout_tp,"MaxBars=32 TP=0.4",1253,0.12,1519.427,151.94,0.48,1.13,18.18,33.4,0,15.97,1.74,"{""max_bars"":32,""tp_big"":0.4}"
Exp_MB32_TP05,timeout_tp,"MaxBars=32 TP=0.5",1253,0.12,1491.912,149.19,0.48,1.13,18.24,33.4,0,15.76,1.73,"{""max_bars"":32,""tp_big"":0.5}"
Exp_MB32_TP06,timeout_tp,"MaxBars=32 TP=0.6",1253,0.12,1491.912,149.19,0.48,1.13,18.24,33.4,0,15.76,1.73,"{""max_bars"":32,""tp_big"":0.6}"
Exp_MB48_TP03,timeout_tp,"MaxBars=48 TP=0.3",1210,0.42,5103.806,510.38,0.79,1.24,18.40,33.4,0,33.64,2.48,"{""max_bars"":48,""tp_big"":0.3}"
Exp_MB48_TP04,timeout_tp,"MaxBars=48 TP=0.4",1201,0.38,4616.319,461.63,0.79,1.23,17.74,33.6,0,31.87,2.49,"{""max_bars"":48,""tp_big"":0.4}"
Exp_MB48_TP05,timeout_tp,"MaxBars=48 TP=0.5",1201,0.37,4396.438,439.64,0.77,1.23,17.74,33.6,0,31.03,2.48,"{""max_bars"":48,""tp_big"":0.5}"
Exp_MB48_TP06,timeout_tp,"MaxBars=48 TP=0.6",1201,0.37,4396.438,439.64,0.77,1.23,17.74,33.6,0,31.03,2.48,"{""max_bars"":48,""tp_big"":0.6}"
Exp_MB64_TP03,timeout_tp,"MaxBars=64 TP=0.3",1191,0.42,5037.269,503.73,0.82,1.24,16.31,33.3,0,33.40,2.74,"{""max_bars"":64,""tp_big"":0.3}"
Exp_MB64_TP04,timeout_tp,"MaxBars=64 TP=0.4",1179,0.36,4248.389,424.84,0.77,1.23,16.24,33.4,0,30.44,2.68,"{""max_bars"":64,""tp_big"":0.4}"
Exp_MB64_TP05,timeout_tp,"MaxBars=64 TP=0.5",1178,0.35,4080.496,408.05,0.76,1.23,16.21,33.4,0,29.76,2.68,"{""max_bars"":64,""tp_big"":0.5}"
Exp_MB64_TP06,timeout_tp,"MaxBars=64 TP=0.6",1178,0.34,4042.361,404.24,0.76,1.22,16.23,33.4,0,29.61,2.66,"{""max_bars"":64,""tp_big"":0.6}"
Exp_MB80_TP03,timeout_tp,"MaxBars=80 TP=0.3",1176,0.33,3852.627,385.26,0.70,1.20,16.39,32.4,0,28.81,2.65,"{""max_bars"":80,""tp_big"":0.3}"
Exp_MB80_TP04,timeout_tp,"MaxBars=80 TP=0.4",1163,0.27,3174.104,317.41,0.66,1.19,16.40,32.4,0,25.74,2.56,"{""max_bars"":80,""tp_big"":0.4}"
Exp_MB80_TP05,timeout_tp,"MaxBars=80 TP=0.5",1160,0.25,2936.564,293.66,0.64,1.18,16.44,32.4,0,24.57,2.54,"{""max_bars"":80,""tp_big"":0.5}"
Exp_MB80_TP06,timeout_tp,"MaxBars=80 TP=0.6",1160,0.25,2947.842,294.78,0.64,1.18,16.43,32.4,0,24.62,2.55,"{""max_bars"":80,""tp_big"":0.6}"
Exp_MB96_TP03,timeout_tp,"MaxBars=96 TP=0.3",1165,0.35,4081.281,408.13,0.73,1.21,16.60,31.8,0,29.77,2.83,"{""max_bars"":96,""tp_big"":0.3}"
Exp_MB96_TP04,timeout_tp,"MaxBars=96 TP=0.4",1150,0.28,3215.9,321.59,0.67,1.19,16.45,31.7,0,25.94,2.73,"{""max_bars"":96,""tp_big"":0.4}"
Exp_MB96_TP05,timeout_tp,"MaxBars=96 TP=0.5",1146,0.27,3082.515,308.25,0.67,1.19,16.40,31.7,0,25.29,2.74,"{""max_bars"":96,""tp_big"":0.5}"
Exp_MB96_TP06,timeout_tp,"MaxBars=96 TP=0.6",1145,0.27,3071.701,307.17,0.66,1.19,16.43,31.6,0,25.24,2.73,"{""max_bars"":96,""tp_big"":0.6}"
Exp_Best_A26_R03_S008_T025,best_combo,"ADX=26 ATR=0.3 SL=-0.08 Trail=0.25",1574,0.04,619.211,61.92,0.27,1.05,44.56,29.6,0,8.03,1.53,"{""adx_min"":26,""atr_mult"":0.3,""stoploss"":-0.08,""trail_offset"":0.25}"
Exp_Best_A26_R03_S008_T03,best_combo,"ADX=26 ATR=0.3 SL=-0.08 Trail=0.3",1535,0.07,1133.019,113.30,0.40,1.08,38.04,28.1,0,12.91,2.40,"{""adx_min"":26,""atr_mult"":0.3,""stoploss"":-0.08,""trail_offset"":0.3}"
Exp_Best_A26_R03_S008_T035,best_combo,"ADX=26 ATR=0.3 SL=-0.08 Trail=0.35",1494,0.16,2391.413,239.14,0.59,1.13,27.62,27.5,0,21.62,3.24,"{""adx_min"":26,""atr_mult"":0.3,""stoploss"":-0.08,""trail_offset"":0.35}"
Exp_Best_A26_R03_S01_T025,best_combo,"ADX=26 ATR=0.3 SL=-0.1 Trail=0.25",1564,0.08,1286.003,128.60,0.42,1.08,41.53,32.9,0,14.17,1.71,"{""adx_min"":26,""atr_mult"":0.3,""stoploss"":-0.1,""trail_offset"":0.25}"
Exp_Best_A26_R03_S01_T03,best_combo,"ADX=26 ATR=0.3 SL=-0.1 Trail=0.3",1524,0.15,2266.44,226.64,0.59,1.12,40.18,31.4,0,20.89,2.30,"{""adx_min"":26,""atr_mult"":0.3,""stoploss"":-0.1,""trail_offset"":0.3}"
Exp_Best_A26_R03_S01_T035,best_combo,"ADX=26 ATR=0.3 SL=-0.1 Trail=0.35",1474,0.29,4338.375,433.84,0.72,1.17,27.76,30.6,0,30.80,2.63,"{""adx_min"":26,""atr_mult"":0.3,""stoploss"":-0.1,""trail_offset"":0.35}"
Exp_Best_A26_R03_S012_T025,best_combo,"ADX=26 ATR=0.3 SL=-0.12 Trail=0.25",1555,0.05,727.303,72.73,0.26,1.05,43.15,34.9,0,9.16,0.91,"{""adx_min"":26,""atr_mult"":0.3,""stoploss"":-0.12,""trail_offset"":0.25}"
Exp_Best_A26_R03_S012_T03,best_combo,"ADX=26 ATR=0.3 SL=-0.12 Trail=0.3",1512,0.1,1578.703,157.87,0.43,1.09,42.76,33.2,0,16.40,1.51,"{""adx_min"":26,""atr_mult"":0.3,""stoploss"":-0.12,""trail_offset"":0.3}"
Exp_Best_A26_R03_S012_T035,best_combo,"ADX=26 ATR=0.3 SL=-0.12 Trail=0.35",1461,0.29,4304.754,430.48,0.65,1.15,28.10,32.8,0,30.67,2.04,"{""adx_min"":26,""atr_mult"":0.3,""stoploss"":-0.12,""trail_offset"":0.35}"
Exp_Best_A26_R05_S008_T025,best_combo,"ADX=26 ATR=0.5 SL=-0.08 Trail=0.25",1361,0.09,1215.436,121.54,0.44,1.10,38.65,30.8,0,13.60,2.47,"{""adx_min"":26,""atr_mult"":0.5,""stoploss"":-0.08,""trail_offset"":0.25}"
Exp_Best_A26_R05_S008_T03,best_combo,"ADX=26 ATR=0.5 SL=-0.08 Trail=0.3",1328,0.13,1747.194,174.72,0.53,1.13,34.67,29.2,0,17.59,2.97,"{""adx_min"":26,""atr_mult"":0.5,""stoploss"":-0.08,""trail_offset"":0.3}"
Exp_Best_A26_R05_S008_T035,best_combo,"ADX=26 ATR=0.5 SL=-0.08 Trail=0.35",1292,0.23,2914.865,291.49,0.67,1.18,34.44,28.6,0,24.45,3.48,"{""adx_min"":26,""atr_mult"":0.5,""stoploss"":-0.08,""trail_offset"":0.35}"
Exp_Best_A26_R05_S01_T025,best_combo,"ADX=26 ATR=0.5 SL=-0.1 Trail=0.25",1351,0.17,2245.873,224.59,0.60,1.14,26.53,34.3,0,20.77,2.17,"{""adx_min"":26,""atr_mult"":0.5,""stoploss"":-0.1,""trail_offset"":0.25}"
Exp_Best_A26_R05_S01_T03,best_combo,"ADX=26 ATR=0.5 SL=-0.1 Trail=0.3",1313,0.28,3701.087,370.11,0.74,1.19,25.71,32.8,0,28.16,2.55,"{""adx_min"":26,""atr_mult"":0.5,""stoploss"":-0.1,""trail_offset"":0.3}"
Exp_Best_A26_R05_S01_T035,best_combo,"ADX=26 ATR=0.5 SL=-0.1 Trail=0.35",1271,0.43,5462.7,546.27,0.81,1.23,15.82,31.9,0,34.87,2.72,"{""adx_min"":26,""atr_mult"":0.5,""stoploss"":-0.1,""trail_offset"":0.35}"
Exp_Best_A26_R05_S012_T025,best_combo,"ADX=26 ATR=0.5 SL=-0.12 Trail=0.25",1345,0.13,1745.938,174.59,0.48,1.11,18.57,36.2,0,17.58,1.52,"{""adx_min"":26,""atr_mult"":0.5,""stoploss"":-0.12,""trail_offset"":0.25}"
Exp_Best_A26_R05_S012_T03,best_combo,"ADX=26 ATR=0.5 SL=-0.12 Trail=0.3",1308,0.24,3201.122,320.11,0.63,1.16,17.54,34.6,0,25.87,1.94,"{""adx_min"":26,""atr_mult"":0.5,""stoploss"":-0.12,""trail_offset"":0.3}"
Exp_Best_A26_R05_S012_T035,best_combo,"ADX=26 ATR=0.5 SL=-0.12 Trail=0.35",1264,0.45,5639.733,563.97,0.74,1.21,19.09,34.0,0,35.45,2.16,"{""adx_min"":26,""atr_mult"":0.5,""stoploss"":-0.12,""trail_offset"":0.35}"
Exp_Best_A26_R07_S008_T025,best_combo,"ADX=26 ATR=0.7 SL=-0.08 Trail=0.25",1143,0.1,1188.866,118.89,0.40,1.11,30.90,31.1,0,13.38,2.42,"{""adx_min"":26,""atr_mult"":0.7,""stoploss"":-0.08,""trail_offset"":0.25}"
Exp_Best_A26_R07_S008_T03,best_combo,"ADX=26 ATR=0.7 SL=-0.08 Trail=0.3",1117,0.12,1355.678,135.57,0.42,1.12,31.11,29.3,0,14.72,2.61,"{""adx_min"":26,""atr_mult"":0.7,""stoploss"":-0.08,""trail_offset"":0.3}"
Exp_Best_A26_R07_S008_T035,best_combo,"ADX=26 ATR=0.7 SL=-0.08 Trail=0.35",1092,0.19,2096.513,209.65,0.54,1.17,34.28,28.6,0,19.86,3.28,"{""adx_min"":26,""atr_mult"":0.7,""stoploss"":-0.08,""trail_offset"":0.35}"
Exp_Best_A26_R07_S01_T025,best_combo,"ADX=26 ATR=0.7 SL=-0.1 Trail=0.25",1131,0.21,2341.66,234.17,0.58,1.17,20.32,35.0,0,21.34,2.22,"{""adx_min"":26,""atr_mult"":0.7,""stoploss"":-0.1,""trail_offset"":0.25}"
Exp_Best_A26_R07_S01_T03,best_combo,"ADX=26 ATR=0.7 SL=-0.1 Trail=0.3",1105,0.29,3157.545,315.75,0.64,1.20,24.34,33.3,0,25.66,2.48,"{""adx_min"":26,""atr_mult"":0.7,""stoploss"":-0.1,""trail_offset"":0.3}"
Exp_Best_A26_R07_S01_T035,best_combo,"ADX=26 ATR=0.7 SL=-0.1 Trail=0.35",1075,0.41,4434.817,443.48,0.73,1.24,15.57,32.4,0,31.17,2.72,"{""adx_min"":26,""atr_mult"":0.7,""stoploss"":-0.1,""trail_offset"":0.35}"
Exp_Best_A26_R07_S012_T025,best_combo,"ADX=26 ATR=0.7 SL=-0.12 Trail=0.25",1126,0.18,2016.373,201.64,0.50,1.14,24.53,36.8,0,19.36,1.59,"{""adx_min"":26,""atr_mult"":0.7,""stoploss"":-0.12,""trail_offset"":0.25}"
Exp_Best_A26_R07_S012_T03,best_combo,"ADX=26 ATR=0.7 SL=-0.12 Trail=0.3",1099,0.26,2846.139,284.61,0.57,1.17,24.56,34.9,0,24.10,1.84,"{""adx_min"":26,""atr_mult"":0.7,""stoploss"":-0.12,""trail_offset"":0.3}"
Exp_Best_A26_R07_S012_T035,best_combo,"ADX=26 ATR=0.7 SL=-0.12 Trail=0.35",1069,0.44,4753.984,475.40,0.70,1.23,18.83,34.4,0,32.38,2.12,"{""adx_min"":26,""atr_mult"":0.7,""stoploss"":-0.12,""trail_offset"":0.35}"
Exp_Best_A28_R03_S008_T025,best_combo,"ADX=28 ATR=0.3 SL=-0.08 Trail=0.25",1411,0.07,970.313,97.03,0.39,1.09,44.25,30.0,0,11.48,2.15,"{""adx_min"":28,""atr_mult"":0.3,""stoploss"":-0.08,""trail_offset"":0.25}"
Exp_Best_A28_R03_S008_T03,best_combo,"ADX=28 ATR=0.3 SL=-0.08 Trail=0.3",1381,0.14,1917.893,191.79,0.57,1.14,35.74,29.0,0,18.73,3.00,"{""adx_min"":28,""atr_mult"":0.3,""stoploss"":-0.08,""trail_offset"":0.3}"
Exp_Best_A28_R03_S008_T035,best_combo,"ADX=28 ATR=0.3 SL=-0.08 Trail=0.35",1344,0.28,3809.05,380.91,0.78,1.21,14.82,28.6,0,28.63,3.57,"{""adx_min"":28,""atr_mult"":0.3,""stoploss"":-0.08,""trail_offset"":0.35}"
Exp_Best_A28_R03_S01_T025,best_combo,"ADX=28 ATR=0.3 SL=-0.1 Trail=0.25",1402,0.11,1591.169,159.12,0.51,1.11,35.73,33.2,0,16.49,1.98,"{""adx_min"":28,""atr_mult"":0.3,""stoploss"":-0.1,""trail_offset"":0.25}"
Exp_Best_A28_R03_S01_T03,best_combo,"ADX=28 ATR=0.3 SL=-0.1 Trail=0.3",1373,0.2,2690.56,269.06,0.64,1.15,34.22,31.8,0,23.28,2.46,"{""adx_min"":28,""atr_mult"":0.3,""stoploss"":-0.1,""trail_offset"":0.3}"
Exp_Best_A28_R03_S01_T035,best_combo,"ADX=28 ATR=0.3 SL=-0.1 Trail=0.35",1332,0.4,5271.191,527.12,0.82,1.22,14.45,31.4,0,34.22,2.88,"{""adx_min"":28,""atr_mult"":0.3,""stoploss"":-0.1,""trail_offset"":0.35}"
Exp_Best_A28_R03_S012_T025,best_combo,"ADX=28 ATR=0.3 SL=-0.12 Trail=0.25",1396,0.06,822.828,82.28,0.31,1.07,40.99,35.0,0,10.10,1.05,"{""adx_min"":28,""atr_mult"":0.3,""stoploss"":-0.12,""trail_offset"":0.25}"
Exp_Best_A28_R03_S012_T03,best_combo,"ADX=28 ATR=0.3 SL=-0.12 Trail=0.3",1364,0.14,1863.549,186.35,0.50,1.11,41.11,33.5,0,18.37,1.70,"{""adx_min"":28,""atr_mult"":0.3,""stoploss"":-0.12,""trail_offset"":0.3}"
Exp_Best_A28_R03_S012_T035,best_combo,"ADX=28 ATR=0.3 SL=-0.12 Trail=0.35",1323,0.36,4795.02,479.50,0.74,1.19,16.97,33.3,0,32.53,2.23,"{""adx_min"":28,""atr_mult"":0.3,""stoploss"":-0.12,""trail_offset"":0.35}"
Exp_Best_A28_R05_S008_T025,best_combo,"ADX=28 ATR=0.5 SL=-0.08 Trail=0.25",1213,0.12,1438.875,143.89,0.49,1.13,34.71,31.2,0,15.36,2.66,"{""adx_min"":28,""atr_mult"":0.5,""stoploss"":-0.08,""trail_offset"":0.25}"
Exp_Best_A28_R05_S008_T03,best_combo,"ADX=28 ATR=0.5 SL=-0.08 Trail=0.3",1189,0.17,2009.068,200.91,0.56,1.16,34.30,29.7,0,19.31,3.04,"{""adx_min"":28,""atr_mult"":0.5,""stoploss"":-0.08,""trail_offset"":0.3}"
Exp_Best_A28_R05_S008_T035,best_combo,"ADX=28 ATR=0.5 SL=-0.08 Trail=0.35",1158,0.29,3372.978,337.30,0.72,1.23,32.22,29.3,0,26.68,3.57,"{""adx_min"":28,""atr_mult"":0.5,""stoploss"":-0.08,""trail_offset"":0.35}"
Exp_Best_A28_R05_S01_T025,best_combo,"ADX=28 ATR=0.5 SL=-0.1 Trail=0.25",1206,0.22,2665.485,266.55,0.67,1.18,16.17,34.8,0,23.15,2.37,"{""adx_min"":28,""atr_mult"":0.5,""stoploss"":-0.1,""trail_offset"":0.25}"
Exp_Best_A28_R05_S01_T03,best_combo,"ADX=28 ATR=0.5 SL=-0.1 Trail=0.3",1179,0.36,4248.389,424.84,0.77,1.23,16.24,33.4,0,30.44,2.68,"{""adx_min"":28,""atr_mult"":0.5,""stoploss"":-0.1,""trail_offset"":0.3}"
Exp_Best_A28_R05_S01_T035,best_combo,"ADX=28 ATR=0.5 SL=-0.1 Trail=0.35",1142,0.54,6193.115,619.31,0.85,1.28,18.09,32.7,0,37.20,2.87,"{""adx_min"":28,""atr_mult"":0.5,""stoploss"":-0.1,""trail_offset"":0.35}"
Exp_Best_A28_R05_S012_T025,best_combo,"ADX=28 ATR=0.5 SL=-0.12 Trail=0.25",1201,0.16,1928.826,192.88,0.52,1.14,19.35,36.6,0,18.80,1.66,"{""adx_min"":28,""atr_mult"":0.5,""stoploss"":-0.12,""trail_offset"":0.25}"
Exp_Best_A28_R05_S012_T03,best_combo,"ADX=28 ATR=0.5 SL=-0.12 Trail=0.3",1175,0.29,3394.832,339.48,0.66,1.19,19.51,35.0,0,26.78,2.03,"{""adx_min"":28,""atr_mult"":0.5,""stoploss"":-0.12,""trail_offset"":0.3}"
Exp_Best_A28_R05_S012_T035,best_combo,"ADX=28 ATR=0.5 SL=-0.12 Trail=0.35",1137,0.54,6149.765,614.98,0.79,1.25,21.25,34.7,0,37.07,2.30,"{""adx_min"":28,""atr_mult"":0.5,""stoploss"":-0.12,""trail_offset"":0.35}"
Exp_Best_A28_R07_S008_T025,best_combo,"ADX=28 ATR=0.7 SL=-0.08 Trail=0.25",1025,0.11,1151.389,115.14,0.41,1.13,26.70,31.1,0,13.07,2.45,"{""adx_min"":28,""atr_mult"":0.7,""stoploss"":-0.08,""trail_offset"":0.25}"
Exp_Best_A28_R07_S008_T03,best_combo,"ADX=28 ATR=0.7 SL=-0.08 Trail=0.3",1007,0.14,1376.882,137.69,0.43,1.14,30.94,29.3,0,14.89,2.64,"{""adx_min"":28,""atr_mult"":0.7,""stoploss"":-0.08,""trail_offset"":0.3}"
Exp_Best_A28_R07_S008_T035,best_combo,"ADX=28 ATR=0.7 SL=-0.08 Trail=0.35",987,0.21,2098.617,209.86,0.55,1.20,32.40,28.7,0,19.88,3.34,"{""adx_min"":28,""atr_mult"":0.7,""stoploss"":-0.08,""trail_offset"":0.35}"
Exp_Best_A28_R07_S01_T025,best_combo,"ADX=28 ATR=0.7 SL=-0.1 Trail=0.25",1017,0.21,2172.981,217.30,0.58,1.19,20.23,35.0,0,20.33,2.26,"{""adx_min"":28,""atr_mult"":0.7,""stoploss"":-0.1,""trail_offset"":0.25}"
Exp_Best_A28_R07_S01_T03,best_combo,"ADX=28 ATR=0.7 SL=-0.1 Trail=0.3",999,0.29,2943.391,294.34,0.63,1.21,26.07,33.2,0,24.60,2.47,"{""adx_min"":28,""atr_mult"":0.7,""stoploss"":-0.1,""trail_offset"":0.3}"
Exp_Best_A28_R07_S01_T035,best_combo,"ADX=28 ATR=0.7 SL=-0.1 Trail=0.35",974,0.42,4043.253,404.33,0.71,1.26,15.72,32.3,0,29.61,2.78,"{""adx_min"":28,""atr_mult"":0.7,""stoploss"":-0.1,""trail_offset"":0.35}"
Exp_Best_A28_R07_S012_T025,best_combo,"ADX=28 ATR=0.7 SL=-0.12 Trail=0.25",1014,0.18,1781.99,178.20,0.48,1.15,16.83,36.7,0,17.82,1.58,"{""adx_min"":28,""atr_mult"":0.7,""stoploss"":-0.12,""trail_offset"":0.25}"
Exp_Best_A28_R07_S012_T03,best_combo,"ADX=28 ATR=0.7 SL=-0.12 Trail=0.3",995,0.24,2353.599,235.36,0.52,1.17,29.15,34.6,0,21.41,1.75,"{""adx_min"":28,""atr_mult"":0.7,""stoploss"":-0.12,""trail_offset"":0.3}"
Exp_Best_A28_R07_S012_T035,best_combo,"ADX=28 ATR=0.7 SL=-0.12 Trail=0.35",970,0.41,4008.533,400.85,0.66,1.24,18.74,34.1,0,29.47,2.14,"{""adx_min"":28,""atr_mult"":0.7,""stoploss"":-0.12,""trail_offset"":0.35}"
Exp_Best_A30_R03_S008_T025,best_combo,"ADX=30 ATR=0.3 SL=-0.08 Trail=0.25",1265,0.04,490.98,49.10,0.24,1.06,40.56,29.4,0,6.61,1.45,"{""adx_min"":30,""atr_mult"":0.3,""stoploss"":-0.08,""trail_offset"":0.25}"
Exp_Best_A30_R03_S008_T03,best_combo,"ADX=30 ATR=0.3 SL=-0.08 Trail=0.3",1242,0.09,1078.551,107.86,0.40,1.11,33.17,28.3,0,12.44,2.44,"{""adx_min"":30,""atr_mult"":0.3,""stoploss"":-0.08,""trail_offset"":0.3}"
Exp_Best_A30_R03_S008_T035,best_combo,"ADX=30 ATR=0.3 SL=-0.08 Trail=0.35",1209,0.13,1609.321,160.93,0.49,1.14,32.19,27.3,0,16.62,2.95,"{""adx_min"":30,""atr_mult"":0.3,""stoploss"":-0.08,""trail_offset"":0.35}"
Exp_Best_A30_R03_S01_T025,best_combo,"ADX=30 ATR=0.3 SL=-0.1 Trail=0.25",1259,0.12,1499.338,149.93,0.49,1.12,32.50,33.1,0,15.82,2.01,"{""adx_min"":30,""atr_mult"":0.3,""stoploss"":-0.1,""trail_offset"":0.25}"
Exp_Best_A30_R03_S01_T03,best_combo,"ADX=30 ATR=0.3 SL=-0.1 Trail=0.3",1235,0.21,2586.055,258.61,0.61,1.16,29.88,31.8,0,22.72,2.52,"{""adx_min"":30,""atr_mult"":0.3,""stoploss"":-0.1,""trail_offset"":0.3}"
Exp_Best_A30_R03_S01_T035,best_combo,"ADX=30 ATR=0.3 SL=-0.1 Trail=0.35",1200,0.31,3695.06,369.51,0.69,1.20,21.51,30.8,0,28.13,2.79,"{""adx_min"":30,""atr_mult"":0.3,""stoploss"":-0.1,""trail_offset"":0.35}"
Exp_Best_A30_R03_S012_T025,best_combo,"ADX=30 ATR=0.3 SL=-0.12 Trail=0.25",1251,0.07,909.179,90.92,0.33,1.08,35.52,35.0,0,10.92,1.16,"{""adx_min"":30,""atr_mult"":0.3,""stoploss"":-0.12,""trail_offset"":0.25}"
Exp_Best_A30_R03_S012_T03,best_combo,"ADX=30 ATR=0.3 SL=-0.12 Trail=0.3",1225,0.17,2057.257,205.73,0.51,1.13,33.16,33.8,0,19.62,1.79,"{""adx_min"":30,""atr_mult"":0.3,""stoploss"":-0.12,""trail_offset"":0.3}"
Exp_Best_A30_R03_S012_T035,best_combo,"ADX=30 ATR=0.3 SL=-0.12 Trail=0.35",1189,0.31,3654.53,365.45,0.65,1.18,23.20,33.1,0,27.96,2.16,"{""adx_min"":30,""atr_mult"":0.3,""stoploss"":-0.12,""trail_offset"":0.35}"
Exp_Best_A30_R05_S008_T025,best_combo,"ADX=30 ATR=0.5 SL=-0.08 Trail=0.25",1103,0.09,1024.388,102.44,0.43,1.13,33.36,30.8,0,11.97,2.51,"{""adx_min"":30,""atr_mult"":0.5,""stoploss"":-0.08,""trail_offset"":0.25}"
Exp_Best_A30_R05_S008_T03,best_combo,"ADX=30 ATR=0.5 SL=-0.08 Trail=0.3",1082,0.14,1559.001,155.90,0.52,1.16,32.01,29.5,0,16.26,3.06,"{""adx_min"":30,""atr_mult"":0.5,""stoploss"":-0.08,""trail_offset"":0.3}"
Exp_Best_A30_R05_S008_T035,best_combo,"ADX=30 ATR=0.5 SL=-0.08 Trail=0.35",1056,0.16,1733.021,173.30,0.52,1.17,35.38,28.3,0,17.49,3.18,"{""adx_min"":30,""atr_mult"":0.5,""stoploss"":-0.08,""trail_offset"":0.35}"
Exp_Best_A30_R05_S01_T025,best_combo,"ADX=30 ATR=0.5 SL=-0.1 Trail=0.25",1095,0.22,2381.798,238.18,0.66,1.20,20.90,34.7,0,21.57,2.51,"{""adx_min"":30,""atr_mult"":0.5,""stoploss"":-0.1,""trail_offset"":0.25}"
Exp_Best_A30_R05_S01_T03,best_combo,"ADX=30 ATR=0.5 SL=-0.1 Trail=0.3",1072,0.37,3929.941,392.99,0.76,1.25,11.96,33.5,0,29.14,2.85,"{""adx_min"":30,""atr_mult"":0.5,""stoploss"":-0.1,""trail_offset"":0.3}"
Exp_Best_A30_R05_S01_T035,best_combo,"ADX=30 ATR=0.5 SL=-0.1 Trail=0.35",1040,0.41,4237.896,423.79,0.74,1.25,13.17,32.2,0,30.40,2.84,"{""adx_min"":30,""atr_mult"":0.5,""stoploss"":-0.1,""trail_offset"":0.35}"
Exp_Best_A30_R05_S012_T025,best_combo,"ADX=30 ATR=0.5 SL=-0.12 Trail=0.25",1093,0.15,1602.128,160.21,0.48,1.14,15.29,36.3,0,16.57,1.65,"{""adx_min"":30,""atr_mult"":0.5,""stoploss"":-0.12,""trail_offset"":0.25}"
Exp_Best_A30_R05_S012_T03,best_combo,"ADX=30 ATR=0.5 SL=-0.12 Trail=0.3",1070,0.29,3091.578,309.16,0.64,1.20,15.47,35.1,0,25.34,2.09,"{""adx_min"":30,""atr_mult"":0.5,""stoploss"":-0.12,""trail_offset"":0.3}"
Exp_Best_A30_R05_S012_T035,best_combo,"ADX=30 ATR=0.5 SL=-0.12 Trail=0.35",1037,0.4,4097.469,409.75,0.66,1.22,16.81,34.2,0,29.83,2.17,"{""adx_min"":30,""atr_mult"":0.5,""stoploss"":-0.12,""trail_offset"":0.35}"
Exp_Best_A30_R07_S008_T025,best_combo,"ADX=30 ATR=0.7 SL=-0.08 Trail=0.25",921,0.12,1112.252,111.23,0.43,1.15,22.89,31.2,0,12.73,2.61,"{""adx_min"":30,""atr_mult"":0.7,""stoploss"":-0.08,""trail_offset"":0.25}"
Exp_Best_A30_R07_S008_T03,best_combo,"ADX=30 ATR=0.7 SL=-0.08 Trail=0.3",905,0.14,1278.499,127.85,0.44,1.16,24.16,29.3,0,14.11,2.79,"{""adx_min"":30,""atr_mult"":0.7,""stoploss"":-0.08,""trail_offset"":0.3}"
Exp_Best_A30_R07_S008_T035,best_combo,"ADX=30 ATR=0.7 SL=-0.08 Trail=0.35",888,0.15,1337.965,133.80,0.42,1.16,29.34,27.9,0,14.58,2.77,"{""adx_min"":30,""atr_mult"":0.7,""stoploss"":-0.08,""trail_offset"":0.35}"
Exp_Best_A30_R07_S01_T025,best_combo,"ADX=30 ATR=0.7 SL=-0.1 Trail=0.25",916,0.27,2504.779,250.48,0.64,1.23,11.25,35.5,0,22.27,2.45,"{""adx_min"":30,""atr_mult"":0.7,""stoploss"":-0.1,""trail_offset"":0.25}"
Exp_Best_A30_R07_S01_T03,best_combo,"ADX=30 ATR=0.7 SL=-0.1 Trail=0.3",900,0.35,3148.06,314.81,0.66,1.25,18.37,33.7,0,25.61,2.60,"{""adx_min"":30,""atr_mult"":0.7,""stoploss"":-0.1,""trail_offset"":0.3}"
Exp_Best_A30_R07_S01_T035,best_combo,"ADX=30 ATR=0.7 SL=-0.1 Trail=0.35",877,0.39,3420.186,342.02,0.64,1.26,20.05,32.2,0,26.90,2.65,"{""adx_min"":30,""atr_mult"":0.7,""stoploss"":-0.1,""trail_offset"":0.35}"
Exp_Best_A30_R07_S012_T025,best_combo,"ADX=30 ATR=0.7 SL=-0.12 Trail=0.25",914,0.22,2010.497,201.05,0.53,1.19,14.38,37.2,0,19.32,1.74,"{""adx_min"":30,""atr_mult"":0.7,""stoploss"":-0.12,""trail_offset"":0.25}"
Exp_Best_A30_R07_S012_T03,best_combo,"ADX=30 ATR=0.7 SL=-0.12 Trail=0.3",897,0.3,2711.742,271.17,0.57,1.22,14.44,35.1,0,23.40,1.92,"{""adx_min"":30,""atr_mult"":0.7,""stoploss"":-0.12,""trail_offset"":0.3}"
Exp_Best_A30_R07_S012_T035,best_combo,"ADX=30 ATR=0.7 SL=-0.12 Trail=0.35",874,0.39,3450.37,345.04,0.60,1.24,15.80,34.0,0,27.04,2.02,"{""adx_min"":30,""atr_mult"":0.7,""stoploss"":-0.12,""trail_offset"":0.35}"
Exp_Stoch_14_3_50,stoch_dc,"Stoch(14,3) Entry>50",3082,-0.02,-680.416,-68.04,-1.01,0.88,71.60,31.8,0,-16.71,-2.32,"{""stoch_k"":14,""stoch_d"":3,""stoch_entry"":50}"
Exp_Stoch_14_3_60,stoch_dc,"Stoch(14,3) Entry>60",3045,-0.02,-723.15,-72.31,-1.17,0.86,74.93,31.6,0,-18.61,-2.59,"{""stoch_k"":14,""stoch_d"":3,""stoch_entry"":60}"
Exp_Stoch_14_3_70,stoch_dc,"Stoch(14,3) Entry>70",2908,-0.03,-737.224,-73.72,-1.22,0.84,76.15,31.5,0,-19.28,-2.69,"{""stoch_k"":14,""stoch_d"":3,""stoch_entry"":70}"
Exp_Stoch_14_5_50,stoch_dc,"Stoch(14,5) Entry>50",2933,-0.03,-738.451,-73.85,-1.20,0.85,76.55,33.3,0,-19.34,-2.61,"{""stoch_k"":14,""stoch_d"":5,""stoch_entry"":50}"
Exp_Stoch_21_3_50,stoch_dc,"Stoch(21,3) Entry>50",2943,-0.02,-645.916,-64.59,-0.88,0.89,68.10,32.4,0,-15.33,-2.07,"{""stoch_k"":21,""stoch_d"":3,""stoch_entry"":50}"
Exp_Stoch_21_5_60,stoch_dc,"Stoch(21,5) Entry>60",2795,-0.02,-656.999,-65.70,-0.94,0.88,69.25,32.8,0,-15.76,-2.17,"{""stoch_k"":21,""stoch_d"":5,""stoch_entry"":60}"
Exp_Stoch_9_3_50,stoch_dc,"Stoch(9,3) Entry>50",3147,-0.02,-700.846,-70.08,-1.26,0.85,71.03,32.5,0,-17.59,-2.78,"{""stoch_k"":9,""stoch_d"":3,""stoch_entry"":50}"
Exp_Stoch_9_3_60,stoch_dc,"Stoch(9,3) Entry>60",3075,-0.02,-718.536,-71.85,-1.35,0.84,72.91,32.4,0,-18.39,-2.89,"{""stoch_k"":9,""stoch_d"":3,""stoch_entry"":60}"
Exp_CCI_14_100,cci_trend,"CCI(14) Entry>100",3549,-0.01,-349.526,-34.95,-0.38,0.96,57.48,30.0,0,-6.66,-1.01,"{""cci_period"":14,""cci_entry"":100}"
Exp_CCI_14_50,cci_trend,"CCI(14) Entry>50",3595,-0.01,-257.691,-25.77,-0.29,0.97,53.94,28.0,0,-4.66,-0.79,"{""cci_period"":14,""cci_entry"":50}"
Exp_CCI_14_150,cci_trend,"CCI(14) Entry>150",2774,0,-132.882,-13.29,-0.11,0.98,45.08,32.2,0,-2.26,-0.32,"{""cci_period"":14,""cci_entry"":150}"
Exp_CCI_20_100,cci_trend,"CCI(20) Entry>100",2742,0,-122.692,-12.27,-0.11,0.99,53.54,29.9,0,-2.08,-0.30,"{""cci_period"":20,""cci_entry"":100}"
Exp_CCI_20_50,cci_trend,"CCI(20) Entry>50",2728,-0.02,-486.536,-48.65,-0.65,0.91,63.61,26.6,0,-10.13,-1.60,"{""cci_period"":20,""cci_entry"":50}"
Exp_CCI_7_100,cci_trend,"CCI(7) Entry>100",5741,-0.01,-824.383,-82.44,-1.51,0.89,86.57,29.8,0,-24.33,-3.24,"{""cci_period"":7,""cci_entry"":100}"
Exp_CCI_7_50,cci_trend,"CCI(7) Entry>50",6239,-0.01,-811.73,-81.17,-1.50,0.90,86.00,28.2,0,-23.48,-3.14,"{""cci_period"":7,""cci_entry"":50}"
Exp_WillR_14_20,willr_trend,"WillR(14) Entry>-20",3177,-0.01,-338.147,-33.81,-0.26,0.97,63.31,32.0,0,-6.40,-0.66,"{""willr_period"":14,""willr_entry"":-20}"
Exp_WillR_14_30,willr_trend,"WillR(14) Entry>-30",3038,-0.01,-211.856,-21.19,-0.20,0.98,67.95,31.4,0,-3.74,-0.51,"{""willr_period"":14,""willr_entry"":-30}"
Exp_WillR_14_40,willr_trend,"WillR(14) Entry>-40",2813,-0.02,-437.098,-43.71,-0.45,0.94,74.59,29.9,0,-8.80,-1.08,"{""willr_period"":14,""willr_entry"":-40}"
Exp_WillR_21_20,willr_trend,"WillR(21) Entry>-20",2791,0,98.098,9.81,0.06,1.01,63.08,33.1,0,1.51,0.17,"{""willr_period"":21,""willr_entry"":-20}"
Exp_WillR_21_30,willr_trend,"WillR(21) Entry>-30",2524,0,-114.822,-11.48,-0.08,0.99,68.01,31.9,0,-1.94,-0.22,"{""willr_period"":21,""willr_entry"":-30}"
Exp_WillR_7_20,willr_trend,"WillR(7) Entry>-20",4394,-0.02,-749.534,-74.95,-0.89,0.92,83.26,31.7,0,-19.90,-1.91,"{""willr_period"":7,""willr_entry"":-20}"
Exp_WillR_7_30,willr_trend,"WillR(7) Entry>-30",4662,-0.02,-727.785,-72.78,-0.83,0.93,84.48,31.1,0,-18.83,-1.77,"{""willr_period"":7,""willr_entry"":-30}"
Exp_SAR_002_02,sar_trend,"SAR(acc=0.02, max=0.2)",2390,-0.02,-410.408,-41.04,-0.51,0.93,60.98,35.4,0,-8.12,-1.18,"{""sar_acc"":0.02,""sar_max"":0.2}"
Exp_SAR_001_02,sar_trend,"SAR(acc=0.01, max=0.2)",1181,-0.02,-266.424,-26.64,-0.25,0.93,49.34,33.0,0,-4.85,-0.68,"{""sar_acc"":0.01,""sar_max"":0.2}"
Exp_SAR_002_01,sar_trend,"SAR(acc=0.02, max=0.1)",1966,-0.02,-363.569,-36.36,-0.38,0.93,51.75,35.5,0,-6.99,-0.95,"{""sar_acc"":0.02,""sar_max"":0.1}"
Exp_SAR_001_01,sar_trend,"SAR(acc=0.01, max=0.1)",1111,-0.02,-226.896,-22.69,-0.20,0.94,44.13,33.3,0,-4.04,-0.57,"{""sar_acc"":0.01,""sar_max"":0.1}"
Exp_SAR_003_03,sar_trend,"SAR(acc=0.03, max=0.3)",3407,-0.01,-445.674,-44.57,-0.61,0.93,64.80,35.0,0,-9.02,-1.35,"{""sar_acc"":0.03,""sar_max"":0.3}"
Exp_SAR_002_03,sar_trend,"SAR(acc=0.02, max=0.3)",2411,-0.01,-361.313,-36.13,-0.43,0.94,59.35,35.3,0,-6.93,-1.02,"{""sar_acc"":0.02,""sar_max"":0.3}"
